Year,Month,Day,Time,Lat,Lon,Depth,Mag,Region,Timestamp
2015,09,16,22:54:32,-31.5729,-71.6744,22.4,8.3,"48km W of Illapel, Chile",1442444072
2017,09,08,04:49:19,15.0222,-93.8993,47.4,8.2,"101km SSW of Tres Picos, Mexico",1504846159
2019,05,26,07:41:15,-5.8119,-75.2697,122.6,8,"78km SE of Lagunas, Peru",1558856475
2016,03,02,12:49:48,-4.9521,94.3299,24,7.8,"Southwest of Sumatra, Indonesia",1456922988
2016,04,16,23:58:36,0.3819,-79.9218,20.6,7.8,"27km SSE of Muisne, Ecuador",1460851116
2015,04,25,06:11:25,28.2305,84.7314,8.2,7.8,"36km E of Khudi, Nepal",1429942285
2020,01,28,19:10:24,19.4193,-78.756,14.9,7.7,"123km NNW of Lucea, Jamaica",1580238624
2016,12,25,14:22:27,-43.4064,-73.9413,38,7.6,"41km SW of Puerto Quellon, Chile",1482675747
2015,11,24,22:45:38,-10.5372,-70.9437,606.2,7.6,"173km WNW of Iberia, Peru",1448405138
2015,11,24,22:50:54,-10.0598,-71.0184,620.6,7.6,"211km S of Tarauaca, Brazil",1448405454
2019,02,22,10:17:23,-2.1862,-77.0505,145,7.5,"111km ESE of Palora, Ecuador",1550830643
2018,09,28,10:02:45,-0.2559,119.8462,20,7.5,"70km N of Palu, Indonesia",1538128965
2018,01,10,02:51:33,17.4825,-83.52,19,7.5,"44km E of Great Swan Island, Honduras",1515552693
2015,10,26,09:09:42,36.5244,70.3676,231,7.5,"45km E of Farkhar, Afghanistan",1445850582
2020,06,23,15:29:04,15.8871,-96.0061,20,7.4,"9 km SE of Santa María Xadani, Mexico",1592926144
2016,08,19,07:32:22,-55.2852,-31.8766,10,7.4,"South Georgia Island region",1471591942
2018,08,21,21:31:47,10.7731,-62.9019,146.8,7.3,"24km ENE of Rio Caribe, Venezuela",1534887107
2017,01,10,06:13:48,4.4782,122.6171,627.2,7.3,"189km SSE of Tabiauan, Philippines",1484028828
2017,11,12,18:18:17,34.9109,45.9592,19,7.3,"29km S of Halabjah, Iraq",1510510697
2015,05,12,07:05:19,27.8087,86.0655,15,7.3,"19km SE of Kodari, Nepal",1431414319
2018,02,16,23:39:39,16.3855,-97.9787,22,7.2,"3km S of San Pedro Jicayan, Mexico",1518824379
2016,05,28,09:46:59,-56.2409,-26.9353,78,7.2,"53km NNE of Visokoi Island, South Georgia and the South Sandwich Islands",1464428819
2015,12,07,07:50:05,38.2107,72.7797,22,7.2,"104km W of Murghob, Tajikistan",1449474605
2019,11,14,16:17:40,1.6213,126.4156,33,7.1,"138km E of Bitung, Indonesia",1573748260
2019,07,06,03:19:53,35.7695,-117.5993,8,7.1,"2019 Ridgecrest Earthquake Sequence",1562383193
2018,12,11,02:26:29,-58.5446,-26.3856,133,7.1,"54km N of Bristol Island, South Sandwich Islands",1544495189
2018,01,14,09:18:45,-15.7675,-74.7092,39,7.1,"38km SSW of Acari, Peru",1515921525
2018,08,24,09:04:08,-11.0355,-70.8284,630,7.1,"140km WNW of Iberia, Peru",1535101448
2017,09,19,18:14:38,18.5499,-98.4887,48,7.1,"1km E of Ayutla, Mexico",1505844878
2016,08,29,04:29:57,-0.0456,-17.8255,10,7.1,"North of Ascension Island",1472444997
2015,02,13,18:59:12,52.6487,-31.9016,16.7,7.1,"Northern Mid-Atlantic Ridge",1423853952
2015,12,04,22:25:00,-47.6165,85.0913,35,7.1,"Southeast Indian Ridge",1449267900
2020,10,30,11:51:27,37.9175,26.7901,21,7,"15 km NNE of Néon Karlovásion, Greece",1604058687
2019,03,01,08:50:42,-14.7131,-70.1546,267,7,"23km NNE of Azangaro, Peru",1551430242
2018,12,29,03:39:09,5.8983,126.9209,60.2,7,"96km ESE of Pondaguitan, Philippines",1546054749
2015,02,27,13:45:05,-7.2968,122.5348,552.1,7,"130km N of Nebe, Indonesia",1425044705
2015,06,17,12:51:32,-35.3639,-17.1605,10,7,"Southern Mid-Atlantic Ridge",1434545492
2015,09,16,23:18:41,-31.5622,-71.4262,28.4,7,"25km WNW of Illapel, Chile",1442445521
2020,09,18,21:43:58,0.9167,-26.8408,10,6.9,"central Mid-Atlantic Ridge",1600465438
2020,08,21,04:09:52,-6.6869,123.4829,627.8,6.9,"Banda Sea",1597982992
2020,08,18,22:29:24,-4.2069,101.2411,26,6.9,"122 km WSW of Bengkulu, Indonesia",1597789764
2019,08,02,12:03:27,-7.2822,104.7907,49,6.9,"106km WSW of Tugu Hilir, Indonesia",1564747407
2018,08,05,11:46:38,-8.2581,116.4375,34,6.9,"0km SW of Loloan, Indonesia",1533469598
2018,08,19,14:56:27,-8.319,116.6272,21,6.9,"1km S of Belanting, Indonesia",1534690587
2017,06,14,07:29:04,14.9091,-92.0092,93,6.9,"2km SSW of San Pablo, Guatemala",1497425344
2017,04,24,21:38:30,-33.0375,-72.0617,28,6.9,"40km W of Valparaiso, Chile",1493069910
2017,04,28,20:23:17,5.5043,125.0658,26,6.9,"31km SW of Burias, Philippines",1493410997
2016,05,18,16:46:43,0.4947,-79.616,30,6.9,"24km NW of Rosa Zarate, Ecuador",1463590003
2016,04,13,13:55:17,23.0944,94.8654,136,6.9,"75km SE of Mawlaik, Burma",1460555717
2016,11,24,18:43:47,11.9097,-88.8968,10,6.9,"156km SSW of Puerto El Triunfo, El Salvador",1480013027
2015,11,11,01:54:38,-29.5067,-72.0068,12,6.9,"81km NW of Coquimbo, Chile",1447206878
2015,11,11,02:46:19,-29.5097,-72.0585,10,6.9,"84km NW of Coquimbo, Chile",1447209979
2020,09,01,04:09:28,-27.9728,-71.3031,23,6.8,"85 km NW of Vallenar, Chile",1598933368
2020,08,18,22:23:59,-4.3259,101.1342,22,6.8,"138 km WSW of Bengkulu, Indonesia",1597789439
2020,06,03,07:35:36,-23.2818,-68.4716,112,6.8,"49 km SW of San Pedro de Atacama, Chile",1591169736
2019,12,15,06:11:51,6.6969,125.1739,18,6.8,"7km S of Magsaysay, Philippines",1576390311
2019,01,05,19:25:38,-8.144,-71.587,570.4,6.8,"90km W of Tarauaca, Brazil",1546716338
2019,08,01,18:28:07,-34.2364,-72.3102,25,6.8,"95km SW of San Antonio, Chile",1564684087
2019,04,12,11:40:49,-1.8146,122.5798,15.5,6.8,"98km SSW of Luwuk, Indonesia",1555069249
2018,10,25,22:54:52,37.5203,20.5565,14,6.8,"32km SW of Mouzaki, Greece",1540508092
2018,04,02,13:40:34,-20.6588,-63.0058,559,6.8,"11km NNE of Carandayti, Bolivia",1522676434
2017,06,22,12:31:03,13.7174,-90.9718,38.1,6.8,"28km SW of Puerto San Jose, Guatemala",1498134663
2016,08,24,10:34:54,20.9228,94.569,82,6.8,"26km W of Chauk, Burma",1472034894
2015,11,07,07:31:43,-30.8796,-71.4519,46,6.8,"39km SW of Ovalle, Chile",1446881503
2020,12,27,21:39:14,-39.3374,-74.9881,10,6.7,"146 km WNW of Corral, Chile",1609105154
2020,09,06,06:51:19,7.6929,-37.2174,10,6.7,"central Mid-Atlantic Ridge",1599375079
2020,07,06,22:54:47,-5.5956,110.6952,538.7,6.7,"98 km N of Batang, Indonesia",1594076087
2020,01,24,17:55:14,38.4312,39.0609,10,6.7,"13km N of Doganyol, Turkey",1579888514
2019,01,20,01:32:52,-30.0404,-71.3815,63,6.7,"10km SSW of Coquimbo, Chile",1547947972
2019,01,22,19:01:43,-43.1219,42.3568,13,6.7,"Prince Edward Islands region",1548183703
2019,09,29,15:57:53,-35.4758,-73.163,11,6.7,"69km WSW of Constitucion, Chile",1569772673
2019,02,01,16:14:12,14.6802,-92.4527,66,6.7,"5km SW of Puerto Madero, Mexico",1549037652
2018,11,09,01:49:40,71.6312,-11.2431,10,6.7,"120km NW of Olonkinbyen, Svalbard and Jan Mayen",1541728180
2017,10,10,18:53:27,-54.2632,8.6086,9,6.7,"Bouvet Island region",1507661607
2017,10,24,10:47:47,-7.2168,123.0735,553.8,6.7,"144km NNE of Palue, Indonesia",1508842067
2016,01,03,23:05:22,24.8036,93.6505,55,6.7,"30km W of Imphal, India",1451862322
2016,12,21,00:17:14,-7.5082,127.9206,152,6.7,"283km ENE of Dili, East Timor",1482279434
2016,05,18,07:57:02,0.4261,-79.7899,16,6.7,"33km SE of Muisne, Ecuador",1463558222
2015,11,26,05:45:18,-9.1825,-71.2574,602.8,6.7,"125km SSW of Tarauaca, Brazil",1448516718
2015,02,11,18:57:22,-23.1125,-66.688,223,6.7,"102km W of El Aguilar, Argentina",1423681042
2015,04,26,07:09:10,27.7711,86.0173,22.9,6.7,"21km SSE of Kodari, Nepal",1430032150
2015,09,13,08:14:08,24.913,-109.6226,10,6.7,"95km SW of Topolobampo, Mexico",1442132048
2015,09,17,04:10:27,-31.5173,-71.804,23,6.7,"61km WNW of Illapel, Chile",1442463027
2020,09,06,15:23:45,6.3,125.9,115,6.6,"25 km E of Talagutong, Philippines",1599405825
2020,09,06,06:51:20,7.545,-37.125,10,6.6,"central Mid-Atlantic Ridge",1599375080
2020,08,18,00:03:48,12.0257,124.1272,10,6.6,"13 km E of San Pedro, Philippines",1597709028
2019,01,06,17:27:18,2.258,126.758,43.2,6.6,"151km WNW of Tobelo, Indonesia",1546795638
2019,08,27,23:55:19,-60.2152,-26.5801,16,6.6,"131km S of Bristol Island, South Sandwich Islands",1566950119
2019,07,14,05:39:23,-18.2242,120.3584,10,6.6,"200km W of Broome, Australia",1563082763
2019,10,29,01:04:43,6.7567,125.0082,15,6.6,"10km NE of Columbio, Philippines",1572311083
2019,05,30,09:03:32,13.1994,-89.3056,57.9,6.6,"32km S of La Libertad, El Salvador",1559207012
2018,01,28,16:03:03,-53.0623,9.6842,10,6.6,"Southwest of Africa",1517155383
2017,07,20,22:31:11,36.9293,27.4139,7,6.6,"11km ENE of Kos, Greece",1500589871
2017,08,18,02:59:25,-1.112,-13.6605,35,6.6,"North of Ascension Island",1503025165
2017,05,29,14:35:21,-1.2923,120.4313,12,6.6,"28km WNW of Kasiguncu, Indonesia",1496068521
2016,01,21,18:06:57,18.8239,-106.9337,10,6.6,"215km SW of Tomatlan, Mexico",1453399617
2016,06,01,22:56:00,-2.0967,100.6654,50,6.6,"79km W of Sungaipenuh, Indonesia",1464821760
2016,12,08,14:49:45,40.4535,-126.1936,8.5,6.6,"164km W of Ferndale, California",1481208585
2016,04,10,10:28:58,36.4725,71.1311,212,6.6,"42km WSW of Ashkasham, Afghanistan",1460284138
2016,04,29,01:33:38,10.2752,-103.7363,10,6.6,"Northern East Pacific Rise",1461893618
2016,10,19,00:26:01,-4.8626,108.1627,614,6.6,"161km NNE of Pamanukan, Indonesia",1476836761
2016,10,30,06:40:18,42.8621,13.0961,8,6.6,"7km N of Norcia, Italy",1477809618
2016,11,25,14:24:30,39.2732,73.9776,17,6.6,"47km NE of Karakul, Tajikistan",1480083870
2015,11,08,16:47:02,6.8431,94.648,10,6.6,"128km NW of Sabang, Indonesia",1447001222
2015,04,25,06:45:21,28.2244,84.8216,10,6.6,"44km E of Lamjung, Nepal",1429944321
2015,12,17,19:49:53,15.8015,-93.633,85,6.6,"12km SW of Tres Picos, Mexico",1450381793
2015,09,21,17:40:00,-31.7275,-71.3792,35,6.6,"22km WSW of Illapel, Chile",1442857200
2020,08,30,21:20:29,0.7821,-29.8656,10,6.5,"central Mid-Atlantic Ridge",1598822429
2020,09,01,21:09:17,-27.9154,-71.3716,14.5,6.5,"94 km NW of Vallenar, Chile",1598994557
2020,03,31,23:52:30,44.4646,-115.1175,12.1,6.5,"70km W of Challis, Idaho",1585698750
2020,05,02,12:51:05,34.1818,25.7101,10,6.5,"91 km S of Néa Anatolí, Greece",1588423865
2020,05,15,11:03:27,38.1689,-117.8497,2.7,6.5,"Monte Cristo Range, NV Earthquake",1589540607
2019,10,31,01:11:19,6.9098,125.1782,10,6.5,"2km ESE of Kisante, Philippines",1572484279
2019,04,09,17:53:58,-58.6262,-25.304,38,6.5,"83km ENE of Bristol Island, South Sandwich Islands",1554832438
2018,08,17,15:35:01,-7.3718,119.8017,529,6.5,"114km NNW of Nggilat, Indonesia",1534520101
2017,07,06,08:03:57,11.1269,124.6286,9,6.5,"2km S of Lim-oo, Philippines",1499328237
2017,08,08,13:19:49,33.1926,103.8552,9,6.5,"36km WSW of Yongle, China",1502198389
2017,12,13,18:03:43,-54.2189,2.1628,17,6.5,"80km WNW of Bouvet Island, Bouvet Island",1513188223
2017,12,15,16:47:58,-7.4921,108.1743,90,6.5,"1km E of Kampungbaru, Indonesia",1513356478
2017,04,03,17:40:18,-22.6784,25.1558,29,6.5,"132km WSW of Moijabana, Botswana",1491241218
2017,05,10,23:23:36,-56.414,-25.7432,15,6.5,"95km ENE of Visokoi Island, South Georgia and the South Sandwich Islands",1494458616
2017,02,10,14:03:43,9.9071,125.4516,15,6.5,"10km N of Mabua, Philippines",1486735423
2017,02,21,14:09:04,-19.2814,-63.9047,596,6.5,"41km E of Padilla, Bolivia",1487686144
2017,11,13,02:28:23,9.5147,-84.4865,19.4,6.5,"18km W of Parrita, Costa Rica",1510540103
2017,11,30,06:32:50,-1.0802,-23.4323,10,6.5,"Central Mid-Atlantic Ridge",1512023570
2016,01,11,16:38:05,3.8965,126.8621,13,6.5,"227km SE of Sarangani, Philippines",1452530285
2016,12,06,22:03:33,5.2834,96.1678,13,6.5,"14km WNW of Reuleuet, Indonesia",1481061813
2015,11,04,03:44:15,-8.3381,124.8754,20,6.5,"80km WNW of Dili, East Timor",1446608655
2015,11,17,07:10:07,38.67,20.6,11,6.5,"10km WSW of Nidri, Greece",1447744207
2015,01,07,05:07:07,5.9045,-82.6576,8,6.5,"236km S of Punta de Burica, Panama",1420607227
2015,07,16,15:16:33,13.8672,-58.5479,20,6.5,"127km NE of Bathsheba, Barbados",1437059793
2015,09,17,03:55:15,-31.4244,-71.6876,27,6.5,"54km WNW of Illapel, Chile",1442462115
2020,12,29,11:19:54,45.425,16.2581,10,6.4,"2 km WSW of Petrinja, Croatia",1609240794
2020,08,01,17:09:01,7.2781,124.1199,480.6,6.4,"11 km SE of Litayan, Philippines",1596301741
2020,07,26,00:53:59,-60.7812,-25.4055,10,6.4,"South Sandwich Islands region",1595724839
2020,01,07,08:24:25,17.8686,-66.8266,9,6.4,"13km S of Indios, Puerto Rico",1578385465
2019,06,14,00:19:12,-30.0557,-72.0819,11,6.4,"72km W of Coquimbo, Chile",1560471552
2019,10,16,11:37:06,6.7147,125.007,16.1,6.4,"7km ENE of Columbio, Philippines",1571225826
2019,11,26,02:54:12,41.5138,19.5256,22,6.4,"15km WSW of Mamurras, Albania",1574736852
2019,04,05,16:14:16,-55.9308,-27.8522,57,6.4,"94km NNW of Visokoi Island, South Georgia and the South Sandwich Islands",1554480856
2019,04,23,05:37:53,11.7547,125.2013,56,6.4,"17km ESE of Tutubigan, Philippines",1555997873
2019,07,04,17:33:49,35.7053,-117.5038,10.5,6.4,"Ridgecrest Earthquake Sequence",1562261629
2018,11,15,20:02:22,-56.7065,-25.546,15,6.4,"101km E of Visokoi Island, South Georgia and the South Sandwich Islands",1542312142
2018,07,28,22:47:38,-8.2395,116.508,14,6.4,"5km WNW of Obelobel, Indonesia",1532818058
2018,02,06,15:50:43,24.1338,121.6586,17,6.4,"18km NNE of Hualian, Taiwan",1517932243
2017,07,18,02:05:19,-16.4161,-73.6357,43.7,6.4,"101km WNW of Camana, Peru",1500343519
2017,08,13,03:08:10,-3.7682,101.6228,31,6.4,"71km W of Bengkulu, Indonesia",1502593690
2017,02,18,12:10:17,-23.8613,-66.6592,222,6.4,"52km NW of San Antonio de los Cobres, Argentina",1487419817
2017,11,17,22:34:19,29.8333,94.9838,8,6.4,"64km ENE of Nyingchi, China",1510958059
2016,06,26,11:17:11,39.4793,73.3388,13,6.4,"28km SSE of Sary-Tash, Kyrgyzstan",1466939831
2016,12,18,13:30:10,-9.9738,-70.9698,612,6.4,"201km S of Tarauaca, Brazil",1482067810
2016,05,31,05:23:47,25.5615,122.5458,246.4,6.4,"94km ENE of Keelung, Taiwan",1464672227
2016,02,05,19:57:27,22.9375,120.6014,23,6.4,"25km SE of Yujing, Taiwan",1454702247
2016,11,20,20:57:44,-31.6226,-68.6259,108,6.4,"7km NNW of Pocito, Argentina",1479675464
2015,03,23,04:51:38,-18.3534,-69.1663,130,6.4,"45km ESE of Putre, Chile",1427086298
2015,04,20,01:42:58,24.2026,122.3158,29,6.4,"64km SE of Su'ao, Taiwan",1429494178
2015,06,20,02:10:07,-36.3601,-73.812,11,6.4,"73km WNW of Talcahuano, Chile",1434766207
2015,07,03,01:07:47,37.4593,78.1542,20,6.4,"97km SE of Yilkiqi, China",1435885667
2015,09,16,22:59:15,-31.618,-71.745,26.7,6.4,"55km W of Illapel, Chile",1442444355
2015,09,17,01:41:05,-31.1043,-71.6504,42.3,6.4,"70km SW of Ovalle, Chile",1442454065
2020,12,24,23:43:41,13.8196,120.6592,109,6.3,"3 km ESE of Calatagan, Philippines",1608853421
2020,11,30,22:55:03,-24.3318,-67.0203,189,6.3,"72 km W of San Antonio de los Cobres, Argentina",1606776903
2020,09,06,15:23:43,6.2693,125.8285,120,6.3,"17 km E of Talagutong, Philippines",1599405823
2020,09,06,01:16:58,-30.3501,-71.4938,28.2,6.3,"39 km NW of Ovalle, Chile",1599355018
2020,09,01,04:30:02,-28.0385,-71.2874,16.5,6.3,"Near the coast of Atacama, Chile",1598934602
2020,08,06,23:36:44,-41.6794,42.4486,10,6.3,"Prince Edward Islands region",1596757004
2020,07,22,20:07:19,33.1463,86.8666,10,6.3,"western Xizang",1595448439
2020,06,25,21:05:18,35.5948,82.4158,10,6.3,"278 km SE of Hotan, China",1593119118
2020,01,07,06:05:19,2.3481,96.3575,17,6.3,"14km S of Sinabang, Indonesia",1578377119
2019,01,22,05:10:03,-10.4148,119.0165,24,6.3,"80km S of Kahale, Indonesia",1548133803
2019,08,29,15:07:58,43.5425,-127.8817,10,6.3,"285km W of Bandon, Oregon",1567091278
2019,10,23,16:08:14,-1.0987,-13.8367,10,6.3,"North of Ascension Island",1571846894
2019,11,05,20:52:01,-57.9236,-9.3217,10,6.3,"East of the South Sandwich Islands",1572987121
2019,11,20,04:27:05,13.8859,-93.2068,15,6.3,"125km SW of Puerto Madero, Mexico",1574224025
2019,04,06,21:55:01,-6.8285,125.0416,539,6.3,"200km NNW of Dili, East Timor",1554587701
2019,04,29,14:19:52,10.8649,57.2283,10,6.3,"Carlsberg Ridge",1556547592
2019,03,15,05:03:50,-17.8744,-65.9072,359,6.3,"30km S of Cliza, Bolivia",1552626230
2018,12,19,01:37:40,-36.1378,-101.0723,10,6.3,"Southeast of Easter Island",1545183460
2018,01,19,16:17:44,26.6862,-111.0785,10,6.3,"78km NNE of Loreto, Mexico",1516378664
2018,01,21,01:06:42,-18.8806,-69.4445,116,6.3,"76km S of Putre, Chile",1516496802
2018,08,19,04:10:22,-8.3366,116.5993,16,6.3,"4km SW of Belanting, Indonesia",1534651822
2018,11,11,14:03:59,15.5653,-49.8719,10,6.3,"North Atlantic Ocean",1541945039
2018,11,15,23:09:01,-56.2363,-122.0441,10,6.3,"Southern East Pacific Rise",1542323341
2018,11,25,16:37:32,34.3609,45.7443,18,6.3,"15km SW of Sarpol-e Zahab, Iran",1543163852
2018,10,29,06:54:21,-57.434,-66.3834,10,6.3,"Drake Passage",1540796061
2017,08,08,23:27:53,44.3023,82.8317,20,6.3,"109km SSE of Dostyq, Kazakhstan",1502234873
2017,08,31,17:06:55,-1.159,99.6881,43.1,6.3,"71km NE of Muara Siberut, Indonesia",1504199215
2017,06,12,12:28:39,38.9296,26.365,12,6.3,"5km S of Plomarion, Greece",1497270519
2017,04,15,08:19:43,-23.2653,-67.7225,155,6.3,"63km SE of San Pedro de Atacama, Chile",1492244383
2017,02,07,22:03:56,25.1912,63.2644,29.1,6.3,"22km WSW of Pasni, Pakistan",1486505036
2017,10,10,06:32:21,-18.5715,-69.7526,85,6.3,"46km SSW of Putre, Chile",1507617141
2016,01,25,04:22:02,35.6493,-3.6818,12,6.3,"50km NNE of Al Hoceima, Morocco",1453695722
2016,06,05,16:25:33,-4.587,125.6264,429.6,6.3,"133km SW of Leksula, Indonesia",1465143933
2016,06,07,10:51:37,18.3637,-105.1731,10,6.3,"106km SSW of San Patricio, Mexico",1465296697
2016,06,07,19:15:15,1.2789,126.3712,31,6.3,"123km WNW of Kota Ternate, Indonesia",1465326915
2016,07,11,02:11:04,0.5812,-79.638,21,6.3,"33km NW of Rosa Zarate, Ecuador",1468203064
2016,09,23,22:53:10,6.5717,126.4918,65,6.3,"36km SE of Tamisan, Philippines",1474671190
2016,12,05,01:13:04,-7.3158,123.3802,526,6.3,"147km NNE of Palue, Indonesia",1480900384
2016,12,29,22:30:19,-9.0279,118.6639,79,6.3,"29km S of Tolotangga, Indonesia",1483050619
2016,02,10,00:33:05,-30.5723,-71.5838,29,6.3,"36km W of Ovalle, Chile",1455064385
2016,02,12,10:02:24,-9.6338,119.4013,28,6.3,"0km W of Komerda, Indonesia",1455271344
2016,11,04,16:20:44,-35.0945,-71.0457,90,6.3,"21km SE of Curico, Chile",1478276444
2015,05,12,07:36:54,27.625,86.1617,15,6.3,"33km NNE of Ramechhap, Nepal",1431416214
2015,05,24,04:53:23,-16.855,-14.1708,10,6.3,"Southern Mid-Atlantic Ridge",1432443203
2015,02,02,10:49:48,-32.7183,-67.1231,172,6.3,"91km NW of La Punta, Argentina",1422874188
2015,12,25,19:14:47,36.4935,71.1263,206,6.3,"42km WSW of Ashkasham, Afghanistan",1451070887
2015,09,16,07:40:58,1.8841,126.4288,41.6,6.3,"146km ENE of Bitung, Indonesia",1442389258
2015,09,26,02:51:18,-30.8148,-71.3217,46,6.3,"26km SSW of Ovalle, Chile",1443235878
2020,09,11,07:35:57,-21.3957,-69.9093,51,6.2,"82 km NNE of Tocopilla, Chile",1599809757
2020,03,18,17:45:39,-11.0521,115.1378,20.7,6.2,"245km S of Kangin, Indonesia",1584553539
2020,02,05,18:12:37,-6.0817,113.0778,592.4,6.2,"108km NNE of Krajan Pangkah Kulon, Indonesia",1580926357
2019,06,26,05:23:51,8.4612,-82.754,32.6,6.2,"5km ESE of Aserrio de Gariche, Panama",1561526631
2019,09,29,02:02:51,5.6756,126.5481,73,6.2,"86km SSE of Pondaguitan, Philippines",1569722571
2019,11,20,23:50:43,19.4533,101.3558,10,6.2,"32km ESE of Chaloem Phra Kiat, Thailand",1574293843
2019,02,14,19:57:04,35.4267,-36.0378,10,6.2,"Northern Mid-Atlantic Ridge",1550174224
2019,03,31,07:04:04,-1.9446,-80.8101,18,6.2,"32km N of Santa Elena, Ecuador",1554015844
2018,09,07,02:12:06,-2.2532,-78.7903,110.5,6.2,"7km SE of Alausi, Ecuador",1536286326
2018,09,08,07:16:49,7.2377,126.4779,10,6.2,"7km WNW of Manay, Philippines",1536391009
2018,01,31,07:07:00,36.5261,70.8507,193.7,6.2,"37km S of Jarm, Afghanistan",1517382420
2018,08,22,09:31:45,43.5637,-127.7166,10,6.2,"272km WNW of Bandon, Oregon",1534930305
2018,08,28,07:08:11,-10.773,124.1871,14,6.2,"94km SE of Kupang, Indonesia",1535440091
2018,11,01,22:19:51,-19.5827,-69.2656,102,6.2,"115km NE of Iquique, Chile",1541110791
2018,04,10,10:19:34,-31.0258,-71.5292,66,6.2,"56km SSW of Ovalle, Chile",1523355574
2018,05,09,10:41:45,36.9942,71.3822,116,6.2,"36km NW of Ishkashim, Tajikistan",1525862505
2017,08,11,05:28:25,14.0065,120.7391,172,6.2,"1km SE of Tuy, Philippines",1502429305
2017,05,12,10:41:26,12.9187,-90.0611,16,6.2,"78km SSW of Acajutla, El Salvador",1494585686
2016,08,04,14:15:12,-22.3343,-66.0078,270,6.2,"49km WSW of La Quiaca, Argentina",1470320112
2016,08,24,01:36:32,42.723,13.1877,4.4,6.2,"10km SE of Norcia, Italy",1472002592
2016,12,01,22:40:26,-15.3122,-70.827,12,6.2,"44km NE of Huarichancara, Peru",1480632026
2016,04,19,05:25:39,-55.7283,-27.2307,14,6.2,"108km N of Visokoi Island, South Georgia and the South Sandwich Islands",1461043539
2016,04,20,08:33:47,0.639,-80.2104,14,6.2,"20km WNW of Muisne, Ecuador",1461141227
2015,10,23,01:40:06,-54.2258,6.1653,11,6.2,"183km E of Bouvet Island, Bouvet Island",1445564406
2015,11,07,07:04:31,-29.4642,-72.3015,13,6.2,"107km WNW of Coquimbo, Chile",1446879871
2015,11,27,21:00:22,-24.828,-70.6009,34,6.2,"64km N of Taltal, Chile",1448658022
2015,02,13,20:06:32,22.6374,121.427,30,6.2,"31km ESE of Taitung City, Taiwan",1423857992
2015,02,16,22:00:53,-55.52,-28.2591,13,6.2,"146km NNW of Visokoi Island, South Georgia and the South Sandwich Islands",1424124053
2015,02,22,14:23:12,18.6766,-106.848,5,6.2,"218km SW of Tomatlan, Mexico",1424614992
2015,03,10,20:55:44,6.7757,-72.9875,155,6.2,"9km NNE of Aratoca, Colombia",1426020944
2015,03,17,22:12:28,1.6686,126.5217,44,6.2,"135km NW of Kota Ternate, Indonesia",1426630348
2015,03,18,18:27:29,-36.1167,-73.5219,13,6.2,"75km NNW of Talcahuano, Chile",1426703249
2015,12,24,19:44:03,-55.755,-123.1158,12.3,6.2,"Southern East Pacific Rise",1450986243
2015,09,18,09:10:44,-32.3681,-72.2292,8,6.2,"93km NW of Valparaiso, Chile",1442567444
2015,09,19,12:52:20,-32.3335,-72.0629,18,6.2,"79km W of La Ligua, Chile",1442667140
2020,12,15,23:21:57,5.1775,125.4248,14,6.1,"25 km S of Sarangani, Philippines",1608074517
2020,12,10,13:19:58,24.7632,122.0098,73.2,6.1,"25 km E of Yilan, Taiwan",1607606398
2020,12,06,16:47:42,-20.3662,-69.0663,105,6.1,"114 km E of Iquique, Chile",1607273262
2020,11,22,00:54:56,-34.5982,-73.0671,19.5,6.1,"101 km NW of Constitución, Chile",1606006496
2020,09,26,17:10:22,-48.0314,31.7636,10,6.1,"south of Africa",1601140222
2020,08,31,17:24:04,-4.0158,70.1973,10,6.1,"Chagos Archipelago region",1598894644
2020,04,12,06:57:47,-36.9558,77.393,10,6.1,"97km N of Amsterdam Island, France",1586674667
2020,04,16,08:04:37,16.9591,-85.6851,12,6.1,"59 km NNE of Savannah Bight, Honduras",1587024277
2020,03,22,22:38:04,-4.6744,-104.9519,10,6.1,"Central East Pacific Rise",1584916684
2020,03,26,15:38:04,5.5669,125.0521,59,6.1,"27km SW of Burias, Philippines",1585237084
2020,05,22,08:46:06,22.4152,-108.1275,10,6.1,"176km ESE of San Jose del Cabo, Mexico",1590137166
2020,05,31,05:09:38,-15.3164,-70.7643,186,6.1,"42km W of Lampa, Peru",1590901778
2020,07,17,14:03:42,11.984,94.8885,10,6.1,"236 km E of Port Blair, India",1594994622
2020,01,19,16:58:20,-0.1042,123.8025,121.7,6.1,"57km SSW of Molibagu, Indonesia",1579453100
2020,01,20,06:51:37,-59.2277,-26.282,93,6.1,"25km SSE of Bristol Island, South Sandwich Islands",1579503097
2020,01,28,21:55:16,18.9457,-80.7411,10,6.1,"55km SE of East End, Cayman Islands",1580248516
2019,12,20,11:39:52,36.5374,70.4555,212,6.1,"49km SW of Jarm, Afghanistan",1576841992
2019,12,25,20:20:12,-25.2226,-115.8438,10,6.1,"Southern East Pacific Rise",1577305212
2019,09,19,07:06:33,-6.0708,111.8422,610,6.1,"70km NNE of Blimbing, Indonesia",1568876793
2019,09,26,16:36:18,-40.8145,-71.9993,129,6.1,"30km WSW of Villa La Angostura, Argentina",1569515778
2019,11,02,18:08:41,-55.735,-26.2399,8,6.1,"122km NNE of Visokoi Island, South Georgia and the South Sandwich Islands",1572718121
2019,11,04,21:53:25,-31.8362,-71.3753,53,6.1,"30km SW of Illapel, Chile",1572904405
2019,05,31,10:12:32,6.2795,126.479,98.7,6.1,"34km ESE of Pondaguitan, Philippines",1559297552
2019,04,18,05:01:06,24.0374,121.6501,20,6.1,"8km NE of Hualian, Taiwan",1555563666
2019,04,22,09:11:12,14.9538,120.5149,21.8,6.1,"3km SSW of Floridablanca, Philippines",1555924272
2019,03,23,19:21:17,4.5595,-76.223,122,6.1,"3km WSW of Versalles, Colombia",1553368877
2019,03,24,04:37:35,1.6601,126.3955,45,6.1,"137km E of Bitung, Indonesia",1553402255
2018,09,28,06:59:59,-0.4009,119.7705,5,6.1,"55km NNW of Palu, Indonesia",1538117999
2018,08,14,03:29:52,-58.1339,-25.2725,25,6.1,"123km NE of Bristol Island, South Sandwich Islands",1534217392
2018,08,17,23:22:24,8.7791,-83.1527,15,6.1,"15km N of Golfito, Costa Rica",1534548144
2018,10,28,22:23:53,13.0346,-90.3687,22,6.1,"85km SW of Acajutla, El Salvador",1540765433
2018,02,04,13:56:41,24.1572,121.7078,12,6.1,"22km NNE of Hualian, Taiwan",1517752601
2018,02,26,13:34:53,-2.7774,126.6859,9,6.1,"44km NE of Airbuaya, Indonesia",1519652093
2018,05,05,06:19:05,14.5708,123.9192,18,6.1,"64km NNW of Pandan, Philippines",1525501145
2017,09,04,08:07:34,-57.7387,-25.6131,25,6.1,"150km SE of Visokoi Island, South Georgia and the South Sandwich Islands",1504512454
2017,09,23,12:53:01,16.6258,-95.0778,10,6.1,"5km NNE of San Jeronimo Ixtepec, Mexico",1506171181
2017,12,01,02:32:46,30.7464,57.307,9,6.1,"55km NNE of Kerman, Iran",1512095566
2017,12,03,11:19:05,-0.47,-80.3101,17,6.1,"18km NE of Bahia de Caraquez, Ecuador",1512299945
2017,04,05,06:09:12,35.7755,60.4363,13,6.1,"61km NNW of Torbat-e Jam, Iran",1491372552
2017,11,11,00:36:14,-11.7424,-14.1142,10,6.1,"Ascension Island region",1510360574
2017,10,31,11:50:48,-3.7449,127.7517,6,6.1,"41km WSW of Hila, Indonesia",1509450648
2016,08,21,03:45:23,-55.3133,-31.7508,12,6.1,"South Georgia Island region",1471751123
2016,01,14,03:25:28,-19.7597,-63.3288,582.6,6.1,"12km WNW of Charagua, Bolivia",1452741928
2016,06,09,04:13:08,-11.2487,116.2669,19,6.1,"260km S of Kute, Indonesia",1465445588
2016,06,10,03:25:22,12.8318,-86.9633,10,6.1,"22km E of Puerto Morazan, Nicaragua",1465529122
2016,06,21,16:26:34,22.6582,-45.1402,10,6.1,"Northern Mid-Atlantic Ridge",1466526394
2016,07,25,17:26:50,-26.1067,-70.5111,72,6.1,"54km WNW of Diego de Almagro, Chile",1469467610
2016,09,10,10:08:20,-5.573,-76.9536,121,6.1,"52km N of Moyobamba, Peru",1473502100
2016,02,16,23:48:35,-55.7841,-125.1659,13,6.1,"Southern East Pacific Rise",1455666515
2016,04,06,14:45:29,-8.2036,107.3857,29,6.1,"71km SSW of Bunisari, Indonesia",1459953929
2016,04,15,14:11:26,13.4008,-92.367,22.4,6.1,"110km SSW of Champerico, Guatemala",1460729486
2016,10,26,19:18:08,42.9564,13.0666,10,6.1,"3km NNW of Visso, Italy",1477509488
2015,03,03,10:37:30,-0.7789,98.7161,28,6.1,"48km NW of Sikabaluan, Indonesia",1425379050
2015,03,15,23:17:16,-0.5409,122.3067,31,6.1,"70km NW of Luwuk, Indonesia",1426461436
2015,04,20,12:00:00,24.0471,122.4532,29,6.1,"72km SW of Yonakuni, Japan",1429531200
2015,04,25,06:15:22,27.6285,85.5398,10,6.1,"1km E of Banepa, Nepal",1429942522
2015,12,20,18:47:36,3.6455,117.6359,14,6.1,"38km N of Tarakan, Indonesia",1450637256
2015,07,03,06:43:21,10.1691,125.8907,32,6.1,"23km NW of Santa Monica, Philippines",1435905801
2015,09,16,23:03:56,-31.7502,-71.7425,19.1,6.1,"56km WSW of Illapel, Chile",1442444636
2015,09,16,23:16:09,-31.6,-71.9189,35,6.1,"71km W of Illapel, Chile",1442445369
2015,09,19,05:06:47,-29.6411,-72.077,6,6.1,"78km WNW of Coquimbo, Chile",1442639207
2015,09,21,05:39:34,-31.5757,-71.7431,30,6.1,"55km W of Illapel, Chile",1442813974
2020,12,14,15:20:49,-21.8063,-68.7079,114,6,"Chile-Bolivia border region",1607959249
2020,11,03,02:40:54,-44.4106,-79.3773,10,6,"Off the coast of Aisen, Chile",1604371254
2020,11,06,23:49:18,-62.2446,-58.1635,10.8,6,"South Shetland Islands",1604706558
2020,11,15,22:37:43,8.7567,126.291,43,6,"5 km S of Marihatag, Philippines",1605479863
2020,08,24,21:51:09,9.5996,-84.6396,23.3,6,"2 km SSW of Jacó, Costa Rica",1598305869
2020,08,22,08:38:01,-7.1843,-12.9718,10,6,"178 km ENE of Georgetown, Saint Helena",1598085481
2020,08,12,17:13:16,-7.3327,39.8126,17.6,6,"66 km NNE of Kilindoni, Tanzania",1597252396
2020,04,05,18:37:10,1.395,126.4381,42,6,"123km WNW of Kota Ternate, Indonesia",1586111830
2020,03,06,10:28:42,-31.368,58.3242,10,6,"Southwest Indian Ridge",1583490522
2020,02,06,13:40:05,5.4543,126.5692,19,6,"109km SSE of Pondaguitan, Philippines",1580996405
2020,02,08,14:32:58,-59.9212,-25.5526,16,6,"113km SSE of Bristol Island, South Sandwich Islands",1581172378
2020,02,23,16:00:31,38.4958,44.3732,10,6,"24km SE of Saray, Turkey",1582473631
2020,06,10,19:58:50,-15.8069,-13.0363,10,6,"southern Mid-Atlantic Ridge",1591819130
2020,06,21,19:07:54,66.381,-18.707,10,6,"27 km NNE of Siglufjörður, Iceland",1592766474
2020,06,23,07:43:29,0.0368,123.7866,109,6,"97 km SE of Gorontalo, Indonesia",1592898209
2020,01,19,13:27:56,39.8353,77.1084,5.6,6,"86km ENE of Arzak, China",1579440476
2019,12,03,08:46:35,-18.5042,-70.576,38,6,"28km W of Arica, Chile",1575362795
2019,12,24,16:43:33,-26.964,-63.3857,572.4,6,"16km WNW of El Hoyo, Argentina",1577205813
2019,12,24,19:03:52,3.5359,-74.0176,11,6,"1km NNE of Lejanias, Colombia",1577214232
2019,01,21,23:59:23,-10.3278,119.1521,26,6,"66km SSW of Bogorawatu, Indonesia",1548115163
2019,08,02,05:50:55,-49.7307,-113.8331,10,6,"Southern East Pacific Rise",1564725055
2019,09,24,03:23:40,19.077,-67.2701,10,6,"69km NNW of San Antonio, Puerto Rico",1569295420
2019,09,24,21:19:47,-33.8212,56.2997,10,6,"Southwest Indian Ridge",1569359987
2019,10,01,03:56:07,-55.9278,-122.5586,10,6,"Southern East Pacific Rise",1569902167
2019,07,26,23:37:58,20.8373,121.9744,9,6,"14km ENE of Itbayat, Philippines",1564184278
2019,11,14,21:12:54,1.5361,126.4161,23,6,"134km NW of Kota Ternate, Indonesia",1573765974
2019,11,27,07:23:42,35.7174,23.2284,69,6,"43km NW of Platanos, Greece",1574839422
2019,02,02,09:27:36,-2.8462,100.0743,20,6,"168km WSW of Sungaipenuh, Indonesia",1549099656
2019,05,12,19:24:50,8.625,-82.8298,19,6,"10km N of Canoas, Costa Rica",1557689090
2019,04,01,18:39:05,-18.2058,65.3656,10,6,"262km NE of Port Mathurin, Mauritius",1554143945
2019,04,22,14:49:05,-56.2633,-27.3509,79,6,"49km N of Visokoi Island, South Georgia and the South Sandwich Islands",1555944545
2019,03,08,15:06:12,10.384,126.006,30,6,"40km N of Santa Monica, Philippines",1552057572
2018,09,18,07:27:41,-37.8135,49.7765,10,6,"Southwest Indian Ridge",1537255661
2018,01,11,18:26:24,18.3719,96.0717,9,6,"40km WSW of Pyu, Burma",1515695184
2018,08,25,22:13:25,34.6111,46.2422,10,6,"32km SW of Javanrud, Iran",1535235205
2018,11,04,07:55:29,7.7599,123.867,600.7,6,"10km SSE of Sapad, Philippines",1541318129
2018,11,25,03:40:50,13.1817,-81.0931,10,6,"36km SE of Mountain, Colombia",1543117250
2018,10,01,23:59:42,-10.5585,120.2424,29,6,"40km S of Nggongi, Indonesia",1538438382
2018,10,10,18:44:55,-7.4525,114.4553,9,6,"40km NNE of Cungapmimbo, Indonesia",1539197095
2018,07,23,10:35:59,-0.2994,-19.252,10,6,"Central Mid-Atlantic Ridge",1532342159
2018,07,28,17:07:23,-7.1039,122.7263,578.2,6,"150km N of Palue, Indonesia",1532797643
2018,04,05,03:53:38,6.8325,126.7785,34,6,"43km ESE of Tarragona, Philippines",1522900418
2018,04,15,19:30:43,1.4083,126.8759,34,6,"88km NW of Kota Ternate, Indonesia",1523820643
2018,04,19,21:09:17,-42.7797,42.1877,10,6,"Prince Edward Islands region",1524172157
2018,03,24,19:58:33,-45.7783,96.0692,10,6,"Southeast Indian Ridge",1521921513
2018,05,02,06:32:49,-24.2723,-111.6328,10,6,"Easter Island region",1525242769
2017,07,19,12:16:23,-17.4154,66.4836,10,6,"Mauritius - Reunion region",1500466583
2017,07,27,17:53:24,13.396,-49.3259,10,6,"North Atlantic Ocean",1501178004
2017,01,08,23:47:14,74.3859,-92.4156,31,6,"79km ESE of Resolute, Canada",1483919234
2017,06,30,22:29:45,-0.2849,-80.4927,13,6,"35km NNW of Bahia de Caraquez, Ecuador",1498861785
2017,12,12,08:43:18,30.7372,57.2795,12,6,"53km NNE of Kerman, Iran",1513068198
2017,12,12,21:41:31,30.8275,57.2982,8,6,"63km NNE of Kerman, Iran",1513114891
2017,03,14,02:51:16,6.1457,92.3044,10,6,"230km SSW of Mohean, India",1489459876
2017,04,23,02:36:07,-33.0354,-72.0296,21,6,"37km W of Valparaiso, Chile",1492914967
2017,05,03,04:47:13,39.4939,71.4438,11,6,"29km NNW of Karakenja, Tajikistan",1493786833
2017,05,09,01:54:14,24.45,126.3174,10,6,"111km ESE of Hirara, Japan",1494294854
2017,05,20,01:06:14,9.3818,123.9537,533,6,"25km S of Alburquerque, Philippines",1495242374
2016,08,18,18:09:43,-55.9035,-123.2414,10,6,"Southern East Pacific Rise",1471543783
2016,08,23,19:39:44,-7.2872,122.4345,533,6,"132km N of Nebe, Indonesia",1471981184
2016,09,14,01:58:31,7.3736,-76.1686,18,6,"32km ENE of Mutata, Colombia",1473818311
2016,12,08,05:15:04,43.8229,86.3451,17.6,6,"58km SSE of Shihezi, China",1481174104
2016,02,22,06:36:59,-30.4242,-72.2967,12,6,"105km WSW of Coquimbo, Chile",1456123019
2016,03,19,11:26:33,17.996,-60.7019,26,6,"124km ENE of Codrington, Barbuda",1458386793
2016,04,13,18:21:52,7.7917,122.0231,17,6,"15km NW of Siocon, Philippines",1460571712
2016,04,20,08:35:10,0.7079,-80.0352,10,6,"11km N of Muisne, Ecuador",1461141310
2016,04,22,03:03:41,-0.2921,-80.5039,10,6,"35km NNW of Bahia de Caraquez, Ecuador",1461294221
2016,04,25,07:07:08,14.479,-93.1509,16,6,"83km WSW of Puerto Madero, Mexico",1461568028
2016,04,27,12:51:19,14.5178,-93.0882,16,6,"75km WSW of Puerto Madero, Mexico",1461761479
2016,10,27,20:32:55,-33.7771,-72.5321,12.6,6,"86km WSW of San Antonio, Chile",1477600375
2016,11,08,04:55:45,-36.5776,-73.5603,20,6,"42km WNW of Talcahuano, Chile",1478580945
2015,10,23,04:04:18,-45.8146,37.1711,10,6,"129km NNW of Marion Island, Prince Edward Islands",1445573058
2015,05,15,20:26:56,-2.542,102.2191,151,6,"105km ESE of Sungaipenuh, Indonesia",1431721616
2015,03,06,08:22:18,-41.3157,80.6046,10,6,"Mid-Indian Ridge",1425630138
2015,04,16,18:07:43,35.1891,26.8235,20,6,"49km SW of Karpathos, Greece",1429207663
2015,04,20,11:45:13,24.0851,122.453,29,6,"69km SW of Yonakuni, Japan",1429530313
2015,08,13,10:39:53,-37.0152,78.0623,10,6,"102km NNE of Amsterdam Island, France",1439462393
2015,06,04,23:15:43,5.9867,116.5409,10,6,"14km WNW of Ranau, Malaysia",1433459743
2015,06,10,13:52:09,-22.4,-68.4323,124,6,"52km E of Calama, Chile",1433944329
2015,09,18,15:59:42,15.2767,-45.9886,10,6,"Northern Mid-Atlantic Ridge",1442591982
2015,09,22,07:13:00,-31.4441,-71.2653,58,6,"22km NNW of Illapel, Chile",1442905980
2020,11,17,01:44:09,-2.6769,99.3162,10,5.9,"223 km SSW of Padang, Indonesia",1605577449
2020,10,23,01:46:17,-36.3368,-97.1216,10,5.9,"West Chile Rise",1603417577
2020,10,30,08:38:41,10.6444,-43.5468,10,5.9,"northern Mid-Atlantic Ridge",1604047121
2020,09,18,16:28:17,35.0368,25.3034,44,5.9,"12 km SSE of Arkalochóri, Greece",1600446497
2020,10,10,13:14:57,-28.5676,-112.3045,10,5.9,"Easter Island region",1602335697
2020,09,06,00:21:10,1.6684,126.5615,30,5.9,"133 km NW of Ternate, Indonesia",1599351670
2020,08,31,21:18:02,-35.4385,-15.6138,10,5.9,"Tristan da Cunha region",1598908682
2020,07,17,05:40:36,-20.2349,-70.1306,74.2,5.9,"3 km SE of Iquique, Chile",1594964436
2020,04,10,16:44:56,20.4677,122.1097,160,5.9,"14km E of Basco, Philippines",1586537096
2020,04,16,11:45:23,22.8004,94.0292,10,5.9,"38 km ESE of Falam, Myanmar",1587037523
2020,03,28,15:43:17,-1.7144,120.1775,10,5.9,"62km WSW of Kasiguncu, Indonesia",1585410197
2020,05,24,02:52:23,-47.4139,-12.2226,10,5.9,"Southern Mid-Atlantic Ridge",1590288743
2020,06,14,14:24:29,39.4317,40.7076,10,5.9,"14 km E of Yedisu, Turkey",1592144669
2020,01,05,04:40:49,16.4011,-94.489,87,5.9,"4km N of Ixhuatan, Mexico",1578199249
2020,01,11,12:54:45,17.949,-66.8508,5,5.9,"10km SSE of Indios, Puerto Rico",1578747285
2019,12,19,12:35:31,13.7354,-91.2255,21,5.9,"42km SSW of La Gomera, Guatemala",1576758931
2019,06,25,06:01:51,-47.8719,99.4532,10,5.9,"Southeast Indian Ridge",1561442511
2019,01,18,16:40:43,8.4296,-103.2277,10,5.9,"Northern East Pacific Rise",1547829643
2019,01,30,15:31:33,-4.6334,-105.48,10,5.9,"Central East Pacific Rise",1548862293
2019,08,08,11:25:31,37.935,29.7003,11,5.9,"9km ESE of Baklan, Turkey",1565263531
2019,08,14,21:35:18,20.5023,-109.2878,10,5.9,"262km NE of Socorro Island, Mexico",1565818518
2019,09,02,22:45:48,23.7766,-45.2169,10,5.9,"Northern Mid-Atlantic Ridge",1567464348
2019,09,05,15:02:45,43.7183,-127.8191,10,5.9,"284km WNW of Bandon, Oregon",1567695765
2019,09,19,07:32:01,-6.0586,111.8877,617.6,5.9,"74km NNE of Blimbing, Indonesia",1568878321
2019,09,27,15:11:29,-35.9171,-102.7817,10,5.9,"Southeast of Easter Island",1569597089
2019,07,08,18:52:33,0.504,126.3042,28,5.9,"122km WSW of Kota Ternate, Indonesia",1562611953
2019,10,14,22:23:54,-4.482,101.1948,19,5.9,"140km WSW of Bengkulu, Indonesia",1571091834
2019,10,29,02:42:38,6.8659,124.9846,10,5.9,"8km E of Bagontapay, Philippines",1572316958
2019,07,31,05:54:53,13.1476,-89.3951,43,5.9,"38km SSW of La Libertad, El Salvador",1564552493
2019,11,07,22:47:07,37.8026,47.5814,20,5.9,"59km NE of Hashtrud, Iran",1573166827
2019,11,15,01:17:38,1.6158,126.3469,35,5.9,"130km E of Bitung, Indonesia",1573780658
2019,11,16,10:19:13,1.5673,126.3349,24,5.9,"128km E of Bitung, Indonesia",1573899553
2019,11,18,13:22:10,7.6222,124.9103,14.5,5.9,"2km N of Kadingilan, Philippines",1574083330
2019,02,02,10:59:30,-2.8764,100.1326,18,5.9,"164km WSW of Sungaipenuh, Indonesia",1549105170
2019,02,08,11:55:07,9.8456,126.5791,20,5.9,"46km E of General Luna, Philippines",1549626907
2019,05,16,16:22:17,12.6436,-87.8168,72,5.9,"41km WSW of Jiquilillo, Nicaragua",1558023737
2019,05,16,22:52:43,-4.5846,-105.7328,10,5.9,"Central East Pacific Rise",1558047163
2019,04,23,20:15:50,28.4073,94.5605,14,5.9,"33km NW of Along, India",1556050550
2019,03,10,18:04:59,58.3514,-31.9495,10,5.9,"Reykjanes Ridge",1552241099
2019,07,01,16:59:25,9.1702,124.1922,533,5.9,"47km SSE of Lila, Philippines",1562000365
2018,09,03,23:37:17,1.4387,-85.2615,10,5.9,"Off the coast of Ecuador",1536017837
2018,06,12,23:08:28,-2.0196,98.5876,9,5.9,"83km SW of Muara Siberut, Indonesia",1528844908
2018,01,23,06:34:54,-7.0924,105.9632,48.2,5.9,"29km SW of Panyaungan Timur, Indonesia",1516689294
2018,08,09,05:25:32,-8.3065,116.2304,15,5.9,"6km SSW of Lokokrangan, Indonesia",1533792332
2018,10,02,00:16:45,-10.4747,120.1428,26,5.9,"32km SSW of Nggongi Satu, Indonesia",1538439405
2018,10,07,00:11:51,20.0343,-73.0128,24,5.9,"21km WNW of Ti Port-de-Paix, Haiti",1538871111
2018,10,14,12:41:14,-42.2917,88.693,10,5.9,"Southeast Indian Ridge",1539520874
2018,07,21,20:56:19,-48.2253,99.6446,10,5.9,"Southeast Indian Ridge",1532206579
2018,04,02,23:23:17,13.1086,-88.6821,50,5.9,"24km SW of Puerto El Triunfo, El Salvador",1522711397
2018,04,29,22:23:05,-39.2647,46.1195,10,5.9,"Southwest Indian Ridge",1525040585
2018,03,10,21:45:36,-1.4235,-15.2095,10,5.9,"North of Ascension Island",1520718336
2018,02,19,06:56:58,16.2857,-97.7314,22,5.9,"9km E of Santiago Jamiltepec, Mexico",1519023418
2018,05,10,18:02:28,6.8698,123.762,535,5.9,"29km WNW of Gadung, Philippines",1525975348
2018,05,15,15:48:09,-12.7763,45.581,17,5.9,"32km E of Pamandzi, Mayotte",1526399289
2018,06,24,18:43:43,-9.0189,-108.4669,10,5.9,"Central East Pacific Rise",1529865823
2018,06,30,03:56:49,19.0222,-105.119,15,5.9,"49km WSW of San Patricio, Mexico",1530331009
2017,07,04,16:05:58,-35.5047,-73.3356,13,5.9,"86km WSW of Constitucion, Chile",1499184358
2017,07,15,12:12:21,0.4098,121.9844,113,5.9,"42km WSW of Tilamuta, Indonesia",1500120741
2017,09,18,13:46:57,-31.8216,-72.1261,17,5.9,"93km WSW of Illapel, Chile",1505742417
2017,01,02,13:13:48,-4.895,-76.3675,106,5.9,"37km E of Barranca, Peru",1483362828
2017,06,30,01:34:58,33.7413,-38.5445,10,5.9,"Northern Mid-Atlantic Ridge",1498786498
2017,04,08,07:09:23,13.7701,120.9354,14.3,5.9,"1km NNW of Mabini, Philippines",1491635363
2017,04,18,17:49:55,-2.7118,-75.3035,14,5.9,"255km WNW of Iquitos, Peru",1492537795
2017,04,28,15:30:06,-33.219,-71.9694,22,5.9,"37km WSW of Valparaiso, Chile",1493393406
2017,05,02,15:10:22,-11.7119,-13.9378,10,5.9,"Ascension Island region",1493737822
2017,05,06,00:16:09,-60.827,-38.016,12,5.9,"Scotia Sea",1494029769
2017,05,29,14:57:53,-37.3446,-71.6896,81.1,5.9,"60km ENE of Los Angeles, Chile",1496069873
2017,02,24,00:32:17,-8.4404,30.0305,30,5.9,"40km E of Kaputa, Zambia",1487896337
2017,10,28,19:11:02,86.9229,55.2002,10,5.9,"North of Franz Josef Land",1509217862
2016,01,12,09:45:11,-31.3385,58.1916,10,5.9,"Southwest Indian Ridge",1452591911
2016,01,20,17:13:13,37.6709,101.6409,9,5.9,"70km ESE of Hongtu, China",1453309993
2016,06,08,08:31:39,-4.061,-104.5531,10,5.9,"Central East Pacific Rise",1465374699
2016,07,11,02:01:09,0.5874,-79.6358,17,5.9,"33km NNW of Rosa Zarate, Ecuador",1468202469
2016,07,26,05:49:19,-0.2711,-18.6431,10,5.9,"Central Mid-Atlantic Ridge",1469512159
2016,07,27,01:25:12,-44.4113,-79.0594,10,5.9,"Off the coast of Aisen, Chile",1469582712
2016,07,31,11:33:20,-56.2564,-27.5372,99,5.9,"53km NNW of Visokoi Island, South Georgia and the South Sandwich Islands",1469964800
2016,09,10,12:27:33,-1.0355,31.6181,40,5.9,"27km ENE of Nsunga, Tanzania",1473510453
2016,12,06,21:42:20,11.0316,-60.9005,31.8,5.9,"24km SW of Scarborough, Trinidad and Tobago",1481060540
2016,04,05,08:29:20,4.2073,126.6515,35,5.9,"186km SE of Sarangani, Philippines",1459844960
2016,04,22,03:20:13,-0.2814,-80.5039,10.3,5.9,"36km NNW of Bahia de Caraquez, Ecuador",1461295213
2016,10,17,07:14:50,32.8959,94.8768,35,5.9,"134km NE of Dartang, China",1476688490
2015,10,03,06:26:55,-30.301,-71.551,38,5.9,"43km SSW of Coquimbo, Chile",1443853615
2015,10,05,16:33:26,-30.3035,-71.5318,34,5.9,"42km SSW of Coquimbo, Chile",1444062806
2015,10,26,09:09:32,36.459,70.6847,206.9,5.9,"46km SSW of Jarm, Afghanistan",1445850572
2015,05,29,08:40:13,-47.3578,99.9237,10,5.9,"Southeast Indian Ridge",1432888813
2015,03,28,22:28:50,0.4002,121.9895,118,5.9,"42km WSW of Tilamuta, Indonesia",1427581730
2015,03,30,10:34:53,-39.2859,78.0903,10,5.9,"168km SSE of Amsterdam Island, France",1427711693
2015,08,10,10:05:25,36.5326,71.2147,224,5.9,"33km WSW of Ashkasham, Afghanistan",1439201125
2015,01,10,19:32:00,14.7709,120.2456,59,5.9,"5km NW of Mabayo, Philippines",1420918320
2015,07,07,07:01:42,-13.329,-111.6323,10,5.9,"Central East Pacific Rise",1436252502
2015,07,26,07:05:10,-9.2585,112.6695,52,5.9,"94km S of Krajan Tambakrejo, Indonesia",1437894310
2015,07,29,00:10:24,8.2309,-77.3152,12,5.9,"30km S of Acandi, Colombia",1438128624
2015,09,09,07:05:44,-49.5321,-116.3317,10,5.9,"Southern East Pacific Rise",1441782344
2015,09,16,23:38:01,-31.7842,-72.0222,12.5,5.9,"82km WSW of Illapel, Chile",1442446681
2015,09,17,12:14:34,-32.9149,-71.6064,10,5.9,"13km NNW of Vina del Mar, Chile",1442492074
2015,09,17,13:32:26,-32.1432,-72.3779,10,5.9,"113km WNW of La Ligua, Chile",1442496746
2015,09,28,15:28:05,-23.8028,-66.6126,219,5.9,"54km NNW of San Antonio de los Cobres, Argentina",1443454085
2020,12,29,23:34:57,-0.7687,-21.111,10,5.8,"central Mid-Atlantic Ridge",1609284897
2020,12,14,19:35:58,72.2441,0.764,10,5.8,"Norwegian Sea",1607974558
2020,10,28,14:53:10,-29.3296,-71.214,43.8,5.8,"63 km N of La Serena, Chile",1603896790
2020,09,20,22:13:15,9.2614,126.6799,9,5.8,"53 km E of Cortes, Philippines",1600639995
2020,10,02,10:17:33,-62.3735,-58.2326,10,5.8,"South Shetland Islands",1601633853
2020,09,21,13:37:15,-4.0426,-104.3789,10,5.8,"central East Pacific Rise",1600695435
2020,08,28,02:24:18,-54.7928,1.5112,10,5.8,"Bouvet Island region",1598581458
2020,09,09,07:18:40,4.2064,126.6394,18,5.8,"185 km SE of Sarangani, Philippines",1599635920
2020,08,04,19:17:51,13.3483,-92.0069,5.5,5.8,"105 km S of Champerico, Guatemala",1596568671
2020,08,15,06:40:37,-22.7561,-112.31,10,5.8,"Easter Island region",1597473637
2020,08,18,04:40:32,-36.3566,52.2782,10,5.8,"Southwest Indian Ridge",1597725632
2020,07,27,17:32:45,9.0127,126.2682,42.6,5.8,"3 km N of La Paz, Philippines",1595871165
2020,04,17,16:30:48,-23.7004,69.4374,10,5.8,"Mid-Indian Ridge",1587141048
2020,02,23,05:53:01,38.4465,44.4168,10,5.8,"30km SE of Saray, Turkey",1582437181
2020,07,15,21:39:40,7.4645,-81.91,6.6,5.8,"69 km WSW of Río Grande, Panama",1594849180
2020,06,12,02:53:22,-42.9925,41.7836,10,5.8,"Prince Edward Islands region",1591930402
2020,06,24,17:40:49,36.4468,-117.9752,4.7,5.8,"18km SSE of Lone Pine, CA",1593020449
2020,01,06,10:32:18,17.8675,-66.8193,6,5.8,"9km SE of Indios, Puerto Rico",1578306738
2020,01,17,06:37:52,-11.6371,-13.782,10,5.8,"Ascension Island region",1579243072
2020,01,29,23:46:56,0.7136,126.3292,27,5.8,"115km W of Kota Ternate, Indonesia",1580341616
2019,12,23,15:47:56,13.764,-92.8614,10,5.8,"109km SW of Ocos, Guatemala",1577116076
2019,06,03,05:57:09,0.378,97.7223,19,5.8,"191km SW of Sibolga, Indonesia",1559541429
2019,06,17,14:55:44,28.4056,104.9333,6,5.8,"19km S of Changning, China",1560783344
2019,08,05,00:40:46,1.0417,-27.8703,10,5.8,"Central Mid-Atlantic Ridge",1564965646
2019,08,07,21:28:03,24.4782,121.9301,20.8,5.8,"15km SSE of Su'ao, Taiwan",1565213283
2019,08,08,00:45:26,36.5272,70.0571,226,5.8,"18km ESE of Farkhar, Afghanistan",1565225126
2019,07,12,20:42:55,9.3281,126.043,14.3,5.8,"7km E of Cantilan, Philippines",1562964175
2019,07,14,09:43:46,-0.8042,127.7214,10,5.8,"60km N of Laiwui, Indonesia",1563097426
2019,07,14,10:26:58,-0.4773,127.8482,10,5.8,"98km NNE of Laiwui, Indonesia",1563100018
2019,11,14,18:45:39,1.4326,126.3608,27.2,5.8,"131km E of Bitung, Indonesia",1573757139
2019,02,02,11:01:38,-2.7308,100.3019,10,5.8,"139km WSW of Sungaipenuh, Indonesia",1549105298
2019,02,04,17:45:48,-2.4081,-79.8348,70,5.8,"23km S of Duran, Ecuador",1549302348
2019,05,31,11:57:24,18.7604,-107.1447,10,5.8,"237km WSW of Tomatlan, Mexico",1559303844
2019,04,05,18:46:42,1.4513,-85.2664,10,5.8,"Off the coast of Ecuador",1554490002
2019,03,06,00:13:00,8.5425,126.9168,16,5.8,"66km ENE of Hinatuan, Philippines",1551831180
2019,03,30,06:27:23,-9.6924,66.5343,8,5.8,"Mid-Indian Ridge",1553927243
2019,07,02,09:44:33,-1.5188,67.6058,10,5.8,"Carlsberg Ridge",1562060673
2018,12,16,14:26:19,-23.3226,112.4979,10,5.8,"206km NW of Carnarvon, Australia",1544970379
2018,12,23,19:32:22,30.4079,87.62,10,5.8,"113km WSW of Jiajuedibu, China",1545593542
2018,09,07,02:39:17,-28.8696,-69.9459,93.1,5.8,"85km ESE of Vallenar, Chile",1536287957
2018,09,27,10:25:47,-58.1849,-9.5902,10,5.8,"East of the South Sandwich Islands",1538043947
2018,09,28,10:14:20,-0.0175,119.7549,10,5.8,"97km N of Palu, Indonesia",1538129660
2018,09,28,10:25:04,-1.0465,119.9346,10,5.8,"18km SSE of Palu, Indonesia",1538130304
2018,01,09,00:05:54,1.6755,-90.8224,10,5.8,"272km N of Puerto Ayora, Ecuador",1515456354
2018,01,16,15:03:53,10.9283,-86.3469,22,5.8,"63km SW of San Juan del Sur, Nicaragua",1516115033
2018,01,25,01:15:58,8.2527,91.7665,10,5.8,"173km W of Mohean, India",1516842958
2018,01,25,16:39:43,40.4556,-126.3332,8.9,5.8,"175km W of Ferndale, California",1516898383
2018,08,03,18:50:53,-0.8711,-21.9958,10,5.8,"Central Mid-Atlantic Ridge",1533322253
2018,08,19,15:16:35,-8.3511,116.5565,10,5.8,"2km ENE of Sembalunlawang, Indonesia",1534691795
2018,08,22,13:27:48,10.6593,-62.9288,108,5.8,"14km NW of Yaguaraparo, Venezuela",1534944468
2018,11,01,19:30:20,-58.0742,-25.2059,29,5.8,"131km NE of Bristol Island, South Sandwich Islands",1541100620
2018,11,29,20:21:44,0.2267,96.9976,9.9,5.8,"258km SSE of Sinabang, Indonesia",1543522904
2018,10,05,14:59:44,-5.6911,-11.5253,10,5.8,"Ascension Island region",1538751584
2018,10,07,00:10:04,7.6608,-37.7083,10,5.8,"Central Mid-Atlantic Ridge",1538871004
2018,10,21,01:40:37,-29.5356,60.7521,10,5.8,"Southwest Indian Ridge",1540086037
2018,10,23,04:34:58,24.1153,122.6027,30,5.8,"56km SW of Yonakuni, Japan",1540269298
2018,10,29,20:17:22,-57.5496,-66.304,10,5.8,"Drake Passage",1540844242
2018,10,29,23:26:08,-4.5739,-105.9149,10,5.8,"Central East Pacific Rise",1540855568
2018,07,19,13:31:53,17.9318,-97.7158,48.5,5.8,"15km NNE of Huajuapan de Leon, Mexico",1532007113
2018,07,22,10:07:27,34.5909,46.1661,12,5.8,"31km ENE of Sarpol-e Zahab, Iran",1532254047
2018,04,21,19:44:17,-48.9461,123.5911,10,5.8,"Western Indian-Antarctic Ridge",1524339857
2018,02,09,14:05:48,18.9311,-104.6522,13,5.8,"32km S of San Patricio, Mexico",1518185148
2018,02,17,00:36:52,16.1557,-97.8665,3.5,5.8,"15km SSW of Santiago Jamiltepec, Mexico",1518827812
2018,06,18,07:09:41,-29.8815,-111.9572,10,5.8,"Easter Island region",1529305781
2017,07,06,06:30:17,46.8811,-112.5753,12.2,5.8,"11km SE of Lincoln, Montana",1499322617
2017,07,10,01:41:48,10.9893,124.784,7.1,5.8,"5km NW of San Pedro, Philippines",1499650908
2017,07,27,12:08:38,-3.5583,126.0847,15.6,5.8,"53km WNW of Leksula, Indonesia",1501157318
2017,09,10,03:07:22,15.3973,-94.5323,29,5.8,"93km S of San Francisco del Mar, Mexico",1505012842
2017,09,23,10:38:05,15.4897,-94.4287,53.8,5.8,"85km SW of Paredon, Mexico",1506163085
2017,09,24,10:06:11,15.3135,-94.1702,47.4,5.8,"86km SSW of Paredon, Mexico",1506247571
2017,08,05,00:30:41,6.1147,125.415,76,5.8,"6km NNE of Suyan, Philippines",1501893041
2017,08,12,12:54:13,-30.2412,-72.1598,9,5.8,"84km WSW of Coquimbo, Chile",1502542453
2017,08,13,16:51:24,-10.7214,-74.5662,32,5.8,"59km N of Satipo, Peru",1502643084
2017,01,06,06:30:35,-22.3176,-67.795,172,5.8,"79km NNE of San Pedro de Atacama, Chile",1483684235
2017,01,11,21:58:18,-22.821,-69.8033,72,5.8,"90km SSE of Tocopilla, Chile",1484171898
2017,01,17,09:08:02,19.8529,-76.594,11,5.8,"44km S of Guisa, Cuba",1484644082
2017,06,15,11:42:16,-55.428,-124.7575,10,5.8,"Southern East Pacific Rise",1497526936
2017,04,10,10:38:47,5.6754,127.2013,13,5.8,"136km SE of Pondaguitan, Philippines",1491820727
2017,04,11,21:21:00,7.6766,124.8119,8.3,5.8,"8km N of Osias, Philippines",1491945660
2017,04,28,16:05:57,-33.1297,-71.7998,27,5.8,"18km WSW of Valparaiso, Chile",1493395557
2017,05,05,05:09:35,39.4789,71.4223,10,5.8,"28km NNW of Karakenja, Tajikistan",1493960975
2017,02,03,19:54:22,15.0701,-60.5254,44,5.8,"59km ENE of Sainte-Marie, Martinique",1486151662
2017,11,10,12:01:33,-41.4667,-84.1899,10,5.8,"West Chile Rise",1510315293
2017,10,23,08:32:32,-52.3439,16.7811,10,5.8,"Southwest of Africa",1508747552
2017,10,28,16:13:54,86.8752,54.1515,10,5.8,"North of Franz Josef Land",1509207234
2017,10,28,16:16:06,86.8972,53.2109,10,5.8,"North of Franz Josef Land",1509207366
2017,10,31,11:31:39,-3.8261,127.7209,4,5.8,"48km SW of Hila, Indonesia",1509449499
2016,08,19,17:33:40,-55.215,-32.0659,3.4,5.8,"South Georgia Island region",1471628020
2016,08,23,19:40:46,-7.2131,122.5391,520.3,5.8,"139km N of Nebe, Indonesia",1471981246
2016,06,02,02:23:05,18.0217,-105.8338,10,5.8,"178km SW of San Patricio, Mexico",1464834185
2016,06,05,05:51:11,-29.3424,-71.8594,28,5.8,"84km NW of Coquimbo, Chile",1465105871
2016,06,23,21:05:30,23.694,123.3704,10,5.8,"93km SSE of Yonakuni, Japan",1466715930
2016,07,19,05:18:40,-30.2523,-71.9722,8,5.8,"69km WSW of Coquimbo, Chile",1468905520
2016,07,25,08:58:30,-49.4848,126.2657,10,5.8,"Western Indian-Antarctic Ridge",1469437110
2016,09,03,12:02:44,36.4251,-96.9291,5.6,5.8,"14km NW of Pawnee, Oklahoma",1472904164
2016,09,04,02:38:12,8.3989,125.8874,16,5.8,"7km SE of Causwagan, Philippines",1472956692
2016,09,12,06:51:53,-28.7552,-112.3053,10,5.8,"Easter Island region",1473663113
2016,12,11,14:33:12,-9.1237,-109.8492,10,5.8,"Central East Pacific Rise",1481466792
2016,05,08,07:34:00,16.4107,-97.8416,22,5.8,"8km E of Pinotepa de Don Luis, Mexico",1462692840
2016,05,12,03:17:15,24.6953,121.9839,8,5.8,"17km NE of Su'ao, Taiwan",1463023035
2016,05,14,18:21:05,8.5599,-102.7916,10,5.8,"Northern East Pacific Rise",1463250065
2016,04,12,03:22:47,-3.7568,-103.9367,10,5.8,"Central East Pacific Rise",1460431367
2016,04,17,07:14:00,-0.3852,-80.2013,24,5.8,"33km NE of Bahia de Caraquez, Ecuador",1460877240
2016,10,06,15:51:59,22.6258,121.436,14,5.8,"33km ESE of Taitung City, Taiwan",1475769119
2016,10,09,14:46:26,1.7703,127.449,128,5.8,"62km W of Tobelo, Indonesia",1476024386
2016,10,27,08:17:50,1.3702,125.758,61,5.8,"64km E of Bitung, Indonesia",1477556270
2016,10,28,20:02:49,39.3881,13.5205,457.9,5.8,"80km NNE of Ustica, Italy",1477684969
2016,11,07,21:31:28,-8.11,104.8401,33,5.8,"168km SSW of Cicadas, Indonesia",1478554288
2015,10,03,06:03:42,-37.4557,-73.6761,14.5,5.8,"18km N of Lebu, Chile",1443852222
2015,10,17,11:33:08,-25.4674,-64.4839,17,5.8,"19km ESE of El Galpon, Argentina",1445081588
2015,10,19,13:50:41,13.8654,120.6172,106,5.8,"2km W of Balitoc, Philippines",1445262641
2015,11,01,15:16:17,-23.2468,-68.4169,111,5.8,"41km SSW of San Pedro de Atacama, Chile",1446390977
2015,11,16,00:39:33,17.8398,-81.8219,6.7,5.8,"167km SSW of George Town, Cayman Islands",1447634373
2015,11,21,23:05:30,-30.5754,-71.7676,27,5.8,"54km W of Ovalle, Chile",1448147130
2015,11,29,18:52:49,-23.5597,-64.6521,11,5.8,"20km WNW of Yuto, Argentina",1448823169
2015,05,24,21:06:41,-59.653,-26.4546,34,5.8,"69km S of Bristol Island, South Sandwich Islands",1432501601
2015,03,09,02:48:45,6.5308,-82.6541,11,5.8,"167km S of Punta de Burica, Panama",1425869325
2015,04,30,10:19:08,-60.3933,-26.9077,10,5.8,"153km S of Bristol Island, South Sandwich Islands",1430389148
2015,12,19,19:25:05,-30.6053,-71.3057,48.3,5.8,"10km W of Ovalle, Chile",1450553105
2015,12,23,16:55:09,-54.1759,-1.4943,10,5.8,"Bouvet Island region",1450889709
2015,12,25,17:58:04,-40.7281,-86.4356,10,5.8,"West Chile Rise",1451066284
2015,12,31,10:56:58,11.1535,-86.6205,20,5.8,"71km S of Masachapa, Nicaragua",1451559418
2015,08,07,01:25:02,-2.1412,28.8973,11,5.8,"37km N of Cyangugu, Rwanda",1438910702
2015,08,20,11:00:09,0.4854,126.5894,46.1,5.8,"92km WSW of Kota Ternate, Indonesia",1440068409
2015,08,26,13:51:35,-57.4999,-25.8754,32,5.8,"119km SE of Visokoi Island, South Georgia and the South Sandwich Islands",1440597095
2015,06,15,17:40:53,-9.742,125.2517,20,5.8,"71km ESE of Leof, Indonesia",1434390053
2015,06,29,09:09:16,-16.0251,-74.2558,28,5.8,"76km SSE of Acari, Peru",1435568956
2015,09,17,01:33:02,-31.7363,-72.0265,9.3,5.8,"82km W of Illapel, Chile",1442453582
2020,03,09,02:59:08,40.3917,-125.0937,3.2,5.8,"69km W of Petrolia, CA",1583722748
2015,01,28,21:08:53,40.3178,-124.6067,16.9,5.7,"40km SW of Ferndale, California",1422479333
2020,12,29,07:10:29,43.3987,-126.8573,10,5.7,"201 km W of Bandon, Oregon",1609225829
2020,12,27,07:11:10,-16.0229,-74.3083,39,5.7,"25 km SSE of Atiquipa, Peru",1609053070
2020,12,28,04:32:20,-47.4975,99.9517,10,5.7,"southeast Indian Ridge",1609129940
2020,12,23,00:45:07,8.362,-103.2274,10,5.7,"northern East Pacific Rise",1608684307
2020,12,23,00:51:21,8.317,-103.152,10,5.7,"northern East Pacific Rise",1608684681
2020,11,29,16:40:44,-23.2639,-65.0339,8,5.7,"33 km E of Humahuaca, Argentina",1606668044
2020,11,25,22:37:42,-41.1242,-90.3987,10,5.7,"southeast of Easter Island",1606343862
2020,10,21,09:13:06,-25.5231,-70.9323,20,5.7,"46 km WSW of Taltal, Chile",1603271586
2020,10,11,14:41:21,-28.5584,-112.0701,10,5.7,"Easter Island region",1602427281
2020,09,17,03:00:18,7.7838,-37.0941,10,5.7,"central Mid-Atlantic Ridge",1600311618
2020,09,19,21:09:31,-37.5238,77.8873,10,5.7,"Mid-Indian Ridge",1600549771
2020,09,01,10:31:52,-27.8702,-71.4003,22,5.7,"100 km NW of Vallenar, Chile",1598956312
2020,09,01,07:01:26,-27.9742,-71.423,20.6,5.7,"93 km NW of Vallenar, Chile",1598943686
2020,08,10,14:13:27,16.8651,-85.8525,10,5.7,"45 km N of Savannah Bight, Honduras",1597068807
2020,08,09,23:42:33,-53.0167,11.5801,10,5.7,"southwest of Africa",1597016553
2020,07,31,06:06:41,8.5416,126.5987,28,5.7,"34 km ENE of Hinatuan, Philippines",1596175601
2020,04,15,10:59:28,9.0335,-74.4338,53,5.7,"13 km NNE of Pinillos, Colombia",1586948368
2020,04,15,21:03:38,1.1073,126.6767,41.4,5.7,"86 km WNW of Ternate, Indonesia",1586984618
2020,03,10,14:06:26,-5.837,103.0187,26.2,5.7,"121km SW of Kuripan, Indonesia",1583849186
2020,03,18,13:09:31,40.751,-112.0783,11.9,5.7,"4km NNW of Magna, Utah",1584536971
2020,03,20,01:33:15,28.5896,87.3081,10,5.7,"22km ESE of Xegar, China",1584667995
2020,03,21,00:49:51,39.3567,20.6383,10,5.7,"14km NNE of Kanallakion, Greece",1584751791
2020,05,03,00:44:26,-15.2734,-70.4586,184.2,5.7,"13 km NW of Lampa, Peru",1588466666
2020,05,14,05:55:21,-35.7864,-102.8976,10,5.7,"southeast of Easter Island",1589435721
2020,05,18,23:22:35,34.1855,25.5173,10,5.7,"92 km S of Néa Anatolí, Greece",1589844155
2020,05,20,23:43:16,35.1594,20.2775,13.5,5.7,"224 km SW of Methóni, Greece",1590018196
2020,07,14,23:33:58,-7.2087,120.4556,590.1,5.7,"155 km N of Ruteng, Indonesia",1594769638
2020,07,17,18:33:00,12.1027,94.9647,13.8,5.7,"246 km E of Port Blair, India",1595010780
2020,06,03,15:54:04,-7.0058,116.9276,639.9,5.7,"145km NNE of Obelobel, Indonesia",1591199644
2020,06,09,17:18:14,27.7204,53.4199,10,5.7,"56 km ENE of Mohr, Iran",1591723094
2020,06,20,19:26:21,66.287,-18.8946,10,5.7,"15km N of Siglufjordur, Iceland",1592681181
2020,06,29,19:40:12,-11.5057,-13.531,10,5.7,"Ascension Island region",1593459612
2020,01,15,07:55:30,-10.3733,124.0857,10,5.7,"59km ESE of Kupang, Indonesia",1579074930
2020,01,30,11:21:36,35.1817,27.7814,10,5.7,"63km SE of Karpathos, Greece",1580383296
2019,12,24,19:19:03,3.4502,-74.1034,10,5.7,"9km NW of Mesetas, Colombia",1577215143
2019,12,28,15:36:35,-44.6079,37.0941,10,5.7,"261km NNW of Marion Island, Prince Edward Islands",1577547395
2019,06,13,03:00:31,-35.7304,-17.1932,10,5.7,"Southern Mid-Atlantic Ridge",1560394831
2019,01,15,20:03:20,5.8113,126.8985,61.8,5.7,"100km SE of Pondaguitan, Philippines",1547582600
2019,01,18,21:27:01,-3.2663,-76.818,103,5.7,"173km N of Barranca, Peru",1547846821
2019,01,25,04:45:22,-14.5333,-75.3517,60.5,5.7,"16km W of Rio Grande, Peru",1548391522
2019,08,31,23:54:40,-50.0035,-114.4669,10,5.7,"Southern East Pacific Rise",1567295680
2019,09,10,05:39:24,6.6371,126.4167,48,5.7,"26km SSE of Tamisan, Philippines",1568093964
2019,09,26,10:59:25,40.9035,28.1502,8,5.7,"18km ESE of Marmaraereglisi, Turkey",1569495565
2019,07,13,07:59:33,-49.5587,-116.7328,10,5.7,"Southern East Pacific Rise",1563004773
2019,10,06,10:40:56,-21.9343,-68.5934,119,5.7,"68km NNE of Calama, Chile",1570358456
2019,07,16,00:18:36,-8.8208,114.487,80,5.7,"35km SSE of Kendalrejo, Indonesia",1563236316
2019,07,27,01:24:44,20.754,122.0083,10,5.7,"17km ESE of Itbayat, Philippines",1564190684
2019,11,19,23:10:40,-33.6399,-66.8723,10,5.7,"62km SW of San Luis, Argentina",1574205040
2019,11,20,21:03:57,19.4452,101.2534,10,5.7,"23km SE of Chaloem Phra Kiat, Thailand",1574283837
2019,11,30,07:44:21,13.8429,-91.893,19,5.7,"50km S of Champerico, Guatemala",1575099861
2019,02,07,04:15:30,1.4669,126.4203,40,5.7,"129km NW of Kota Ternate, Indonesia",1549512930
2019,02,18,19:30:22,-9.5093,112.8605,23,5.7,"123km S of Krajan Tambakrejo, Indonesia",1550518222
2019,05,04,01:05:09,12.3713,120.9321,10,5.7,"8km SW of San Agustin, Philippines",1556931909
2019,05,04,21:02:10,1.9846,123.6614,327,5.7,"122km N of Pimpi, Indonesia",1557003730
2019,05,08,13:47:19,-15.7761,-75.0959,15.3,5.7,"62km S of Minas de Marcona, Peru",1557323239
2019,05,27,23:29:32,-56.3368,-27.7782,115.3,5.7,"53km NW of Visokoi Island, South Georgia and the South Sandwich Islands",1558999772
2019,04,07,15:45:08,-41.2892,-87.4826,7.1,5.7,"West Chile Rise",1554651908
2019,04,12,11:45:36,-1.8614,122.6143,10,5.7,"102km S of Luwuk, Indonesia",1555069536
2019,04,16,07:30:38,-35.2966,-15.486,10,5.7,"Tristan da Cunha region",1555399838
2019,03,07,15:34:28,-29.4648,-72.6945,17,5.7,"141km WNW of Coquimbo, Chile",1551972868
2019,03,20,06:34:27,37.4078,29.531,8,5.7,"16km E of Acipayam, Turkey",1553063667
2018,12,19,03:38:37,30.5546,-41.8401,10,5.7,"Northern Mid-Atlantic Ridge",1545190717
2018,12,30,08:39:12,-2.677,102.349,166,5.7,"89km NW of Lubuklinggau, Indonesia",1546159152
2018,07,03,09:59:54,5.8959,125.1334,97,5.7,"7km E of Tinoto, Philippines",1530611994
2018,09,08,02:31:30,23.3322,101.5779,8,5.7,"15km WSW of Lianzhu, China",1536373890
2018,09,26,17:33:35,-34.9411,-107.6082,10,5.7,"Southern East Pacific Rise",1537983215
2018,09,28,07:06:39,-26.5126,67.6195,10,5.7,"Indian Ocean Triple Junction",1538118399
2018,09,28,10:16:48,-0.8748,120.0342,10,5.7,"18km E of Palu, Indonesia",1538129808
2018,09,28,13:35:30,0.0587,119.6831,10,5.7,"107km N of Palu, Indonesia",1538141730
2018,06,02,16:28:59,4.5872,126.6573,23.1,5.7,"160km SE of Sarangani, Philippines",1527956939
2018,06,14,06:27:39,-45.8429,-76.3048,10,5.7,"275km W of Puerto Chacabuco, Chile",1528957659
2018,01,27,21:45:12,7.2827,-79.6764,9.8,5.7,"48km SE of Pedasi, Panama",1517089512
2018,08,07,13:57:09,74.6458,8.4549,10,5.7,"Greenland Sea",1533650229
2018,08,28,07:13:32,-10.631,124.1363,8.2,5.7,"79km SE of Kupang, Indonesia",1535440412
2018,11,09,07:54:52,-42.713,-16.0205,10,5.7,"Southern Mid-Atlantic Ridge",1541750092
2018,11,25,20:56:36,13.1647,-81.046,10,5.7,"41km ESE of Mountain, Colombia",1543179396
2018,11,25,23:57:25,23.4043,118.5785,16,5.7,"103km SE of Aozhong, China",1543190245
2018,11,27,12:03:27,-0.942,-13.8275,10,5.7,"North of Ascension Island",1543320207
2018,10,02,04:49:31,-10.4716,120.1194,17.6,5.7,"32km SSW of Nggongi Satu, Indonesia",1538455771
2018,10,12,21:09:49,14.1973,-91.1973,64.3,5.7,"11km E of Nueva Concepcion, Guatemala",1539378589
2018,10,14,05:05:34,-41.9377,88.5051,10,5.7,"Southeast Indian Ridge",1539493534
2018,10,23,16:04:04,23.9912,122.6791,31,5.7,"61km SSW of Yonakuni, Japan",1540310644
2018,10,30,15:12:00,37.5124,20.5076,11,5.7,"36km SW of Mouzaki, Greece",1540912320
2018,07,25,19:45:05,-56.0621,-27.6807,124.6,5.7,"76km NNW of Visokoi Island, South Georgia and the South Sandwich Islands",1532547905
2018,03,17,05:50:09,-47.6789,-13.509,10,5.7,"Southern Mid-Atlantic Ridge",1521265809
2018,03,29,22:54:12,38.7161,69.9779,5,5.7,"11km SE of Roghun, Tajikistan",1522364052
2018,02,07,15:21:31,24.0739,121.7386,15,5.7,"17km NE of Hualian, Taiwan",1518016891
2018,02,08,02:29:16,79.7637,2.9411,10,5.7,"Greenland Sea",1518056956
2018,05,10,11:56:59,10.1723,125.6372,29,5.7,"11km ESE of Libjo, Philippines",1525953419
2018,05,23,05:44:43,7.4407,-36.2376,10,5.7,"Central Mid-Atlantic Ridge",1527054283
2018,06,18,02:32:55,14.1325,-90.7154,99.2,5.7,"12km SW of Guanagazapa, Guatemala",1529289175
2017,07,10,15:37:24,-36.1552,-100.6233,10,5.7,"Southeast of Easter Island",1499701044
2017,09,08,05:01:33,15.1793,-94.2971,36.3,5.7,"105km SSW of Paredon, Mexico",1504846893
2017,09,10,21:40:20,57.1322,-33.6523,10,5.7,"Reykjanes Ridge",1505079620
2017,09,20,23:59:24,-6.1113,113.024,588,5.7,"102km NNE of Kemeduran, Indonesia",1505951964
2017,09,22,19:50:15,40.4105,-126.8326,12.7,5.7,"218km W of Ferndale, California",1506109815
2017,09,23,20:47:06,7.5618,124.7428,8.2,5.7,"6km ESE of Matinao, Philippines",1506199626
2017,08,16,12:51:25,28.6737,127.9007,198,5.7,"158km WNW of Naze, Japan",1502887885
2017,01,02,00:13:06,-36.0365,51.9288,10,5.7,"Southwest Indian Ridge",1483315986
2017,01,03,09:09:02,24.0151,92.0177,32,5.7,"20km ENE of Ambasa, India",1483434542
2017,01,13,16:39:25,0.0303,125.077,42,5.7,"107km SE of Modayag, Indonesia",1484325565
2017,01,18,10:14:10,42.6012,13.2268,7,5.7,"6km WSW of Amatrice, Italy",1484734450
2017,06,11,23:15:06,-8.3206,106.259,7,5.7,"109km SSW of Cibungur, Indonesia",1497222906
2017,06,12,02:43:26,-31.5003,-71.76,27,5.7,"58km WNW of Illapel, Chile",1497235406
2017,06,24,16:09:14,-15.4141,-73.3855,97,5.7,"60km SE of Coracora, Peru",1498320554
2017,12,28,17:20:19,4.0803,126.7919,23.8,5.7,"207km SE of Sarangani, Philippines",1514481619
2017,12,29,21:20:53,-53.0916,-117.4105,10,5.7,"Southern East Pacific Rise",1514582453
2017,03,05,00:08:18,9.8311,125.4961,10.5,5.7,"5km N of Surigao, Philippines",1488672498
2017,03,29,15:15:23,25.7127,-110.0237,17,5.7,"78km WSW of Higuera de Zaragoza, Mexico",1490800523
2017,04,10,00:43:54,13.0426,125.3617,10,5.7,"54km NE of Cabodiongan, Philippines",1491785034
2017,04,11,14:42:16,5.7068,127.0949,12,5.7,"124km SE of Pondaguitan, Philippines",1491921736
2017,05,11,15:41:11,-56.5845,-25.8438,13,5.7,"84km E of Visokoi Island, South Georgia and the South Sandwich Islands",1494517271
2017,05,14,19:44:25,-20.8287,-68.711,116,5.7,"163km ESE of Iquique, Chile",1494791065
2017,05,20,06:02:14,17.4893,-105.3228,10,5.7,"202km SSW of Manzanillo, Mexico",1495260134
2017,05,20,17:58:46,17.0514,-94.088,144,5.7,"52km NW of Cintalapa de Figueroa, Mexico",1495303126
2017,05,24,09:10:14,-2.7898,122.118,10,5.7,"115km E of Malili, Indonesia",1495617014
2017,05,30,11:29:51,-58.6284,-26.2419,76,5.7,"47km NNE of Bristol Island, South Sandwich Islands",1496143791
2017,11,03,11:52:09,18.6597,-106.5643,10,5.7,"197km SW of Tomatlan, Mexico",1509709929
2017,11,29,06:29:06,-14.4095,-76.1594,16.9,5.7,"53km WSW of Santiago, Peru",1511936946
2017,10,03,20:39:04,13.4587,-49.3322,10,5.7,"North Atlantic Ocean",1507063144
2017,10,31,12:37:47,-3.8194,127.769,15.8,5.7,"43km SW of Hila, Indonesia",1509453467
2016,08,19,07:36:01,-55.335,-30.7714,10,5.7,"269km WNW of Visokoi Island, South Georgia and the South Sandwich Islands",1471592161
2016,01,08,01:12:01,-30.664,-71.6383,24,5.7,"42km W of Ovalle, Chile",1452215521
2016,01,12,20:04:59,36.5979,70.9503,239,5.7,"31km SSE of Jarm, Afghanistan",1452629099
2016,01,27,15:11:17,1.0248,-28.1447,10,5.7,"Central Mid-Atlantic Ridge",1453907477
2016,06,13,00:59:39,-4.4284,-104.8111,10,5.7,"Central East Pacific Rise",1465779579
2016,06,18,17:29:46,-24.1467,-67.1526,186,5.7,"85km W of San Antonio de los Cobres, Argentina",1466270986
2016,06,27,20:50:34,16.5502,-97.8332,19,5.7,"17km NNE of Pinotepa de Don Luis, Mexico",1467060634
2016,07,24,14:10:51,0.915,-28.9702,10,5.7,"Central Mid-Atlantic Ridge",1469369451
2016,09,15,05:57:24,12.44,-86.6423,10,5.7,"11km NNE of La Paz Centro, Nicaragua",1473919044
2016,12,04,05:24:05,4.5051,127.8342,139,5.7,"275km SE of Pondaguitan, Philippines",1480829045
2016,05,02,04:21:24,-5.0262,104.6271,117,5.7,"34km NNW of Pulaupanggung, Indonesia",1462162884
2016,05,12,04:29:55,24.6833,122.0531,9,5.7,"22km ENE of Su'ao, Taiwan",1463027395
2016,02,02,14:19:23,25.5745,123.4476,196,5.7,"130km NNE of Yonakuni, Japan",1454422763
2016,02,16,10:46:30,-16.4442,-73.6045,29,5.7,"97km WNW of Camana, Peru",1455619590
2016,04,10,02:14:34,-4.1489,102.211,41,5.7,"39km S of Bengkulu, Indonesia",1460254474
2016,04,23,01:24:33,0.6128,-80.2522,10,5.7,"24km W of Muisne, Ecuador",1461374673
2016,11,10,12:24:10,-50.0472,114.3817,10,5.7,"Western Indian-Antarctic Ridge",1478780650
2016,11,13,14:01:01,-28.8647,-67.4565,109.1,5.7,"33km N of Chilecito, Argentina",1479045661
2016,11,16,15:10:11,-9.0027,113.2445,85,5.7,"74km S of Kepanjen, Indonesia",1479309011
2015,11,03,21:25:02,-8.2825,124.9069,10.3,5.7,"79km WNW of Dili, East Timor",1446585902
2015,11,07,10:53:44,-30.7227,-71.3904,42,5.7,"22km SW of Ovalle, Chile",1446893624
2015,11,08,08:13:37,-17.3194,-69.4287,159.9,5.7,"65km E of Chuquitira, Peru",1446970417
2015,11,08,09:34:57,0.7863,98.8905,69,5.7,"76km SSW of Padangsidempuan, Indonesia",1446975297
2015,11,22,18:16:04,36.4344,71.4233,102,5.7,"29km SSW of Ashkasham, Afghanistan",1448216164
2015,11,25,18:57:41,1.4305,126.2904,33.2,5.7,"123km E of Bitung, Indonesia",1448477861
2015,05,08,03:12:21,1.5404,97.9026,36,5.7,"100km WSW of Sibolga, Indonesia",1431054741
2015,05,18,04:02:46,-41.5553,80.3254,9,5.7,"Mid-Indian Ridge",1431921766
2015,05,26,23:41:40,-58.7355,-25.2138,35,5.7,"82km ENE of Bristol Island, South Sandwich Islands",1432683700
2015,02,05,04:40:51,5.222,-82.6217,4,5.7,"South of Panama",1423111251
2015,02,25,01:31:41,6.0816,119.8398,9,5.7,"81km WSW of Pandan Niog, Philippines",1424827901
2015,04,10,16:23:04,-13.7935,65.858,10,5.7,"Mid-Indian Ridge",1428682984
2015,04,20,09:05:34,-5.6841,102.4776,27,5.7,"159km WSW of Kuripan, Indonesia",1429520734
2015,04,25,09:17:02,28.3902,87.3173,10,5.7,"35km SE of Xegar, China",1429953422
2015,12,07,22:53:35,14.2197,-90.8905,84,5.7,"4km WNW of Masagua, Guatemala",1449528815
2015,12,10,12:05:14,-58.88,-23.9062,10,5.7,"151km E of Bristol Island, South Sandwich Islands",1449749114
2015,12,19,15:03:36,-8.3684,107.0225,27,5.7,"100km SSW of Cigarogol, Indonesia",1450537416
2015,08,05,09:13:24,16.1408,-93.664,100.9,5.7,"11km NE of Tonala, Mexico",1438766004
2015,08,17,16:16:59,13.7124,51.7823,10,5.7,"175km NNW of Kilmia, Yemen",1439828219
2015,08,23,23:10:04,-29.7191,-71.2958,31.1,5.7,"21km N of La Serena, Chile",1440371404
2015,01,18,23:13:36,-35.4555,-105.7571,8.3,5.7,"Southern East Pacific Rise",1421622816
2015,01,27,00:53:19,1.3368,97.2402,12.6,5.7,"158km SE of Sinabang, Indonesia",1422319999
2015,06,15,21:04:24,4.1537,125.8447,136,5.7,"144km SSE of Sarangani, Philippines",1434402264
2015,06,20,05:32:08,-59.6293,-26.5027,50.1,5.7,"66km S of Bristol Island, South Sandwich Islands",1434778328
2015,07,07,16:08:03,-13.3864,-111.3022,10,5.7,"Central East Pacific Rise",1436285283
2015,07,16,11:01:45,13.8769,-58.4736,7.1,5.7,"134km ENE of Bathsheba, Barbados",1437044505
2015,07,20,11:08:19,-35.5251,-105.0838,14,5.7,"Southern East Pacific Rise",1437390499
2015,09,02,01:18:29,4.4132,124.6314,296,5.7,"143km SW of Sarangani, Philippines",1441156709
2015,09,08,08:03:53,14.337,-94.137,5,5.7,"179km SSW of Pijijiapan, Mexico",1441699433
2015,09,16,23:09:26,-31.5743,-71.6717,35,5.7,"48km W of Illapel, Chile",1442444966
2015,09,16,23:23:25,-31.1674,-71.772,32.1,5.7,"77km NW of Illapel, Chile",1442445805
2015,09,17,04:02:10,-31.2244,-71.926,16,5.7,"85km WNW of Illapel, Chile",1442462530
2015,09,17,14:19:15,-30.9102,-71.9829,10,5.7,"82km WSW of Ovalle, Chile",1442499555
2015,09,19,09:07:09,-31.0999,-71.5902,28,5.7,"66km SSW of Ovalle, Chile",1442653629
2015,09,30,16:06:52,-56.1948,-27.7153,101,5.7,"64km NNW of Visokoi Island, South Georgia and the South Sandwich Islands",1443629212
2016,09,03,03:27:57,40.3208,-125.6877,28.6,5.6,"100km W of Ferndale, California",1472873277
2020,12,16,17:48:45,-16.5769,-71.4414,90.2,5.6,"2 km SE of Quequeña, Peru",1608140925
2020,10,30,22:56:47,71.543,-3.2765,10,5.6,"207 km ENE of Olonkinbyen, Svalbard and Jan Mayen",1604098607
2020,10,28,09:02:33,-14.936,-75.72,22,5.6,"61 km WSW of Changuillo, Peru",1603875753
2020,10,04,18:16:53,13.6091,120.7488,121,5.6,"14 km WSW of Tingloy, Philippines",1601835413
2020,10,20,13:43:17,64.0134,-22.1508,10,5.6,"11 km SW of Álftanes, Iceland",1603201397
2020,10,19,07:31:28,-3.3688,100.2689,10,5.6,"191 km SW of Sungai Penuh, Indonesia",1603092688
2020,09,24,00:27:49,-0.2362,-18.8069,10,5.6,"central Mid-Atlantic Ridge",1600907269
2020,09,21,18:04:57,51.8574,103.48,10,5.6,"21 km NW of Kultuk, Russia",1600711497
2020,09,04,17:45:21,8.3579,-82.9722,13.2,5.6,"11 km WSW of Finca Blanco, Panama",1599241521
2020,09,07,17:40:44,-24.512,-111.9898,10,5.6,"Easter Island region",1599500444
2020,08,04,09:37:37,38.194,38.7029,10,5.6,"19 km NNE of Sincik, Turkey",1596533857
2020,08,12,22:40:45,28.0292,65.9633,14.3,5.6,"59 km SSW of Surab, Pakistan",1597272045
2020,08,22,11:58:48,-49.776,-115.6312,10,5.6,"southern East Pacific Rise",1598097528
2020,03,10,11:13:48,1.171,-90.6425,10,5.6,"213km N of Puerto Ayora, Ecuador",1583838828
2020,03,17,08:12:03,-36.1555,-73.1685,33,5.6,"54km NNW of Tome, Chile",1584432723
2020,03,22,20:43:08,-0.705,-21.1768,10,5.6,"Central Mid-Atlantic Ridge",1584909788
2020,03,30,17:54:40,-13.7624,66.1511,10,5.6,"Mid-Indian Ridge",1585590880
2020,02,02,03:32:44,13.8186,-92.8609,10,5.6,"105km SW of Ocos, Guatemala",1580614364
2020,05,30,03:21:51,25.9826,-44.9518,10,5.6,"Northern Mid-Atlantic Ridge",1590808911
2020,06,09,04:56:10,-4.2239,126.3456,10,5.6,"212 km WSW of Ambon, Indonesia",1591678570
2020,06,16,01:30:48,37.8353,72.2068,127,5.6,"66km NE of Shughnon, Tajikistan",1592271048
2020,06,21,22:40:52,23.1449,93.2856,10.8,5.6,"22km E of North Vanlaiphai, India",1592779252
2020,01,02,11:25:04,-5.7527,124.976,10,5.6,"264km E of Baubau, Indonesia",1577964304
2020,01,06,01:29:20,0.231,-16.9866,10,5.6,"North of Ascension Island",1578274160
2020,01,07,08:34:01,17.8919,-66.7217,10,5.6,"11km S of Tallaboa, Puerto Rico",1578386041
2020,01,07,11:18:43,18.0223,-66.776,9,5.6,"8km SSW of Tallaboa, Puerto Rico",1578395923
2020,01,10,15:21:21,18.4552,-105.2328,10,5.6,"101km SSW of San Patricio, Mexico",1578669681
2020,01,12,02:27:00,-54.3946,5.2056,10,5.6,"120km E of Bouvet Island, Bouvet Island",1578796020
2020,01,16,09:58:19,0.1168,-17.09,10,5.6,"North of Ascension Island",1579168699
2020,01,22,19:22:16,39.0724,27.8389,5.6,5.6,"15km ESE of Kirkagac, Turkey",1579720936
2019,12,05,12:24:44,5.3809,126.754,44,5.6,"125km SSE of Pondaguitan, Philippines",1575548684
2019,12,09,17:59:47,-52.8364,11.387,10,5.6,"Southwest of Africa",1575914387
2019,12,15,07:09:20,6.5335,125.2599,10,5.6,"9km SSE of Kiblawan, Philippines",1576393760
2019,12,16,14:49:16,-2.9702,100.9448,40.3,5.6,"109km SSW of Sungaipenuh, Indonesia",1576507756
2019,12,30,17:18:57,35.5909,74.628,13.8,5.6,"34km NW of Idgah, Pakistan",1577726337
2019,06,22,22:31:34,14.3896,-92.9597,17,5.6,"68km WSW of Puerto Madero, Mexico",1561242694
2019,01,06,13:41:59,34.1248,45.6794,14,5.6,"40km SSW of Sarpol-e Zahab, Iran",1546782119
2019,01,21,11:57:20,15.584,-94.7368,29,5.6,"72km S of San Francisco del Mar, Mexico",1548071840
2019,01,23,11:39:02,-10.2981,118.9231,24,5.6,"69km SSW of Kahale, Indonesia",1548243542
2019,01,26,12:32:26,3.0345,-75.7383,10,5.6,"13km NW of Santa Maria, Colombia",1548505946
2019,01,30,07:44:45,-25.8985,-70.6676,51,5.6,"58km SSW of Taltal, Chile",1548834285
2019,08,01,20:01:28,-34.2812,-72.3734,15.4,5.6,"100km WNW of Santa Cruz, Chile",1564689688
2019,08,28,07:59:02,-60.3573,-26.5291,10,5.6,"147km S of Bristol Island, South Sandwich Islands",1566979142
2019,09,05,09:12:19,-2.5189,68.4834,10,5.6,"Carlsberg Ridge",1567674739
2019,09,10,23:32:23,4.0301,126.6816,27,5.6,"203km SE of Sarangani, Philippines",1568158343
2019,09,18,07:01:01,5.4093,126.4529,23.5,5.6,"106km ESE of Caburan, Philippines",1568790061
2019,09,19,07:32:58,-6.0534,111.8968,636.4,5.6,"75km NNE of Sendangmulyo, Indonesia",1568878378
2019,09,21,14:04:25,41.3375,19.5303,20,5.6,"3km WSW of Shijak, Albania",1569074665
2019,09,30,11:53:22,-22.1911,-68.799,117,5.6,"33km NNE of Calama, Chile",1569844402
2019,07,08,06:20:10,0.449,126.2508,10,5.6,"129km WSW of Kota Ternate, Indonesia",1562566810
2019,07,08,07:00:32,31.7564,49.5611,19,5.6,"31km SE of Masjed Soleyman, Iran",1562569232
2019,07,09,12:36:58,6.8138,125.1193,10,5.6,"8km NW of Magsaysay, Philippines",1562675818
2019,10,24,13:38:16,1.1847,124.2015,241,5.6,"22km NNW of Poigar, Indonesia",1571924296
2019,10,29,01:09:01,6.7869,125.0186,14.1,5.6,"11km E of Bual, Philippines",1572311341
2019,07,28,12:32:39,-55.8616,-124.7527,10,5.6,"Southern East Pacific Rise",1564317159
2019,11,01,02:33:58,3.2144,126.9855,28.1,5.6,"199km NW of Tobelo, Indonesia",1572575638
2019,11,03,13:23:18,-29.1642,-67.6662,120,5.6,"16km W of Chilecito, Argentina",1572787398
2019,11,06,20:52:54,14.8741,122.7951,6.6,5.6,"49km ENE of Jomalig, Philippines",1573073574
2019,02,02,12:04:34,36.4642,70.7006,211.7,5.6,"46km SSW of Jarm, Afghanistan",1549109074
2019,02,04,19:29:54,-0.4203,98.0357,19,5.6,"131km NW of Sikabaluan, Indonesia",1549308594
2019,02,15,23:51:40,-55.7216,-124.947,10,5.6,"Southern East Pacific Rise",1550274700
2019,05,18,01:51:29,-9.5083,108.5971,8,5.6,"188km S of Sindangsari, Indonesia",1558144289
2019,05,22,00:39:34,13.8921,92.9916,29,5.6,"244km N of Bamboo Flat, India",1558485574
2019,04,01,02:16:53,10.6035,125.8523,50.1,5.6,"36km S of Sulangan, Philippines",1554085013
2019,04,07,10:52:41,-33.7588,-72.5153,10,5.6,"84km WSW of San Antonio, Chile",1554634361
2019,04,18,04:06:34,-29.3648,-71.5891,54,5.6,"68km NNW of La Serena, Chile",1555560394
2019,03,02,19:46:21,18.6542,120.3562,15.7,5.6,"30km NW of Davila, Philippines",1551555981
2019,03,17,07:07:25,-8.4179,116.5208,10,5.6,"4km SW of Sembalunbumbung, Indonesia",1552806445
2019,07,02,19:51:46,-43.6798,123.9065,10,5.6,"South of Australia",1562097106
2018,12,04,06:20:28,-56.2383,-124.1048,10,5.6,"Southern East Pacific Rise",1543904428
2018,12,22,05:37:38,-20.6428,32.8029,16,5.6,"53km SSE of Chipinge, Zimbabwe",1545457058
2018,07,10,10:26:22,-31.5986,58.3456,10,5.6,"Southwest Indian Ridge",1531218382
2018,07,10,16:05:09,-31.5924,58.1519,10,5.6,"Southwest Indian Ridge",1531238709
2018,09,03,20:35:50,-58.0118,-25.2632,29.4,5.6,"135km NNE of Bristol Island, South Sandwich Islands",1536006950
2018,09,05,00:36:23,-58.3179,-24.9323,10,5.6,"121km NE of Bristol Island, South Sandwich Islands",1536107783
2018,09,07,06:23:38,28.3261,59.3199,10,5.6,"127km SE of Bam, Iran",1536301418
2018,09,21,12:49:28,2.4191,-95.449,10,5.6,"Galapagos Islands, Ecuador region",1537534168
2018,09,28,06:21:54,-26.4932,67.5888,10,5.6,"Indian Ocean Triple Junction",1538115714
2018,09,28,10:50:25,-0.7806,119.9147,10,5.6,"13km NNE of Palu, Indonesia",1538131825
2018,06,06,18:51:34,-58.3596,-25.7565,31,5.6,"87km NNE of Bristol Island, South Sandwich Islands",1528311094
2018,06,12,23:46:11,-1.9469,98.6868,10,5.6,"69km WSW of Muara Siberut, Indonesia",1528847171
2018,01,07,06:47:15,24.7382,94.9055,33,5.6,"85km E of Yairipok, India",1515307635
2018,01,23,23:09:09,-5.7774,-12.5434,10,5.6,"Ascension Island region",1516748949
2018,01,31,16:37:05,7.2401,-79.6427,7,5.6,"53km SE of Pedasi, Panama",1517416625
2018,08,09,16:53:39,-33.3544,2.4822,10,5.6,"South Atlantic Ocean",1533833619
2018,08,09,19:21:51,13.5731,-91.2308,18,5.6,"58km SW of Puerto San Jose, Guatemala",1533842511
2018,08,18,19:39:07,8.802,-77.2506,10,5.6,"32km N of Acandi, Colombia",1534621147
2018,08,19,15:04:02,-8.2842,116.5942,10,5.6,"4km WNW of Belanting, Indonesia",1534691042
2018,08,22,20:26:29,-52.7337,27.9005,10,5.6,"South of Africa",1534969589
2018,08,27,20:09:21,-61.7941,-58.0488,49,5.6,"South Shetland Islands",1535400561
2018,11,12,22:37:27,-3.076,-103.3972,10,5.6,"Central East Pacific Rise",1542062247
2018,11,23,10:51:58,-56.3023,-26.9882,76,5.6,"46km NNE of Visokoi Island, South Georgia and the South Sandwich Islands",1542970318
2018,11,27,05:37:59,19.3732,-108.3512,10,5.6,"283km ENE of Socorro Island, Mexico",1543297079
2018,10,11,02:55:45,-4.9967,126.7227,15.1,5.6,"136km S of Leksula, Indonesia",1539226545
2018,10,29,21:07:13,-57.5419,-66.1638,10,5.6,"Drake Passage",1540847233
2018,07,20,10:24:56,-28.027,-63.2284,579,5.6,"22km ESE of Suncho Corral, Argentina",1532082296
2018,07,22,20:39:17,30.4313,57.4531,10,5.6,"39km ENE of Kerman, Iran",1532291957
2018,07,24,14:44:52,41.8105,-126.8616,10,5.6,"212km WSW of Gold Beach, Oregon",1532443492
2018,04,09,00:20:55,-57.6588,-27.8989,245,5.6,"114km SSW of Visokoi Island, South Georgia and the South Sandwich Islands",1523233255
2018,04,24,02:29:52,12.4928,-87.7466,47.3,5.6,"42km SW of Jiquilillo, Nicaragua",1524536992
2018,03,12,06:13:49,-46.3559,95.9296,10,5.6,"Southeast Indian Ridge",1520835229
2018,03,23,07:40:29,12.6529,-44.5694,10,5.6,"Northern Mid-Atlantic Ridge",1521790829
2018,03,25,14:28:35,-26.7926,-63.3697,577.2,5.6,"29km NNW of El Hoyo, Argentina",1521988115
2018,02,08,21:19:24,-37.4387,-73.9794,4.3,5.6,"35km NW of Lebu, Chile",1518124764
2018,02,15,08:27:22,-0.0684,-17.8411,10,5.6,"North of Ascension Island",1518683242
2018,05,24,23:11:47,0.8174,-29.54,10,5.6,"Central Mid-Atlantic Ridge",1527203507
2018,06,21,16:08:03,-24.267,-67.0505,189,5.6,"74km W of San Antonio de los Cobres, Argentina",1529597283
2018,06,26,01:48:43,-59.5351,-29.6617,25.3,5.6,"187km WSW of Bristol Island, South Sandwich Islands",1529977723
2017,07,12,09:08:17,-35.3911,-73.265,10,5.6,"77km W of Constitucion, Chile",1499850497
2017,09,16,14:18:56,16.0895,-95.1384,35,5.6,"10km SE of Salina Cruz, Mexico",1505571536
2017,09,18,14:19:12,15.2577,-94.5666,10,5.6,"108km S of San Francisco del Mar, Mexico",1505744352
2017,09,22,05:33:43,23.5482,-108.831,10,5.6,"103km ENE of San Jose del Cabo, Mexico",1506058423
2017,08,01,06:13:56,-28.545,-68.8943,110,5.6,"71km WNW of Vinchina, Argentina",1501568036
2017,08,06,19:32:06,-47.2884,99.8671,10,5.6,"Southeast Indian Ridge",1502047926
2017,08,11,21:45:09,-16.2986,-73.4744,41,5.6,"89km WNW of Camana, Peru",1502487909
2017,01,16,12:42:10,3.3168,98.4696,6,5.6,"24km N of Kabanjahe, Indonesia",1484570530
2017,01,18,10:25:25,42.5855,13.1904,10,5.6,"8km NNW of Montereale, Italy",1484735125
2017,06,05,11:34:11,-4.072,-80.3583,49,5.6,"41km E of Papayal, Peru",1496662451
2017,06,24,02:37:18,-19.45,34.4882,27,5.6,"32km WNW of Dondo, Mozambique",1498271838
2017,06,25,03:01:59,-9.5404,66.17,10,5.6,"Mid-Indian Ridge",1498359719
2017,03,02,11:07:26,37.616,38.4305,10,5.6,"5km NW of Samsat, Turkey",1488452846
2017,03,21,23:10:25,-8.4915,115.3233,111.7,5.6,"1km SE of Banjar Mulung, Indonesia",1490137825
2017,04,04,13:53:18,-55.6164,-30.0013,19.2,5.6,"211km WNW of Visokoi Island, South Georgia and the South Sandwich Islands",1491313998
2017,04,16,09:44:05,-7.3725,83.1719,10,5.6,"South Indian Ocean",1492335845
2017,04,17,05:23:15,17.4498,-61.1423,16,5.6,"74km ESE of Codrington, Barbuda",1492406595
2017,04,23,19:40:10,-33.0147,-72.1154,20,5.6,"45km W of Valparaiso, Chile",1492976410
2017,05,11,01:09:43,-56.3967,-25.7871,10,5.6,"93km ENE of Visokoi Island, South Georgia and the South Sandwich Islands",1494464983
2017,05,13,18:00:59,37.7693,57.2058,8,5.6,"34km NNW of Bojnurd, Iran",1494698459
2017,02,28,17:35:40,-44.793,-80.8972,10,5.6,"Off the coast of Aisen, Chile",1488303340
2017,11,15,02:02:25,-59.0311,-17.1009,10,5.6,"East of the South Sandwich Islands",1510711345
2017,10,06,17:41:23,-35.3103,-15.5522,10,5.6,"Tristan da Cunha region",1507311683
2017,10,11,00:08:26,-54.2586,8.3362,10,5.6,"Bouvet Island region",1507680506
2017,10,18,13:40:55,-0.2383,122.9492,92.6,5.6,"74km SSW of Bilungala, Indonesia",1508334055
2017,10,31,11:34:39,-3.7687,127.6675,8.1,5.6,"50km WSW of Hila, Indonesia",1509449679
2016,08,01,07:42:51,-23.9646,82.5565,10,5.6,"South Indian Ocean",1470037371
2016,08,02,07:32:29,-58.7496,-25.5494,34,5.6,"64km ENE of Bristol Island, South Sandwich Islands",1470123149
2016,08,24,02:33:29,42.8413,13.1533,3.3,5.6,"7km NE of Norcia, Italy",1472006009
2016,08,24,13:48:45,-2.9097,100.1775,19,5.6,"162km SW of Sungaipenuh, Indonesia",1472046525
2016,01,14,13:14:49,9.6862,126.3095,35,5.6,"19km ESE of General Luna, Philippines",1452777289
2016,01,16,23:22:29,-3.8727,127.2292,4.1,5.6,"69km SSE of Namlea, Indonesia",1452986549
2016,01,19,02:13:27,22.8626,121.3206,27.1,5.6,"21km ENE of Taitung City, Taiwan",1453169607
2016,06,19,18:20:50,20.1726,121.3782,16,5.6,"54km WSW of Sabtang, Philippines",1466360450
2016,07,10,02:32:42,-35.8108,-103.2511,10,5.6,"Southeast of Easter Island",1468117962
2016,07,31,23:40:01,-8.1935,117.8136,21,5.6,"7km SE of Labuhankananga, Indonesia",1470008401
2016,09,09,00:03:44,-31.3775,-65.8254,157.6,5.6,"70km W of Salsacate, Argentina",1473379424
2016,09,22,20:06:11,-21.5525,33.4112,10,5.6,"171km SSE of Chipinge, Zimbabwe",1474574771
2016,09,23,23:11:20,45.7275,26.6097,92,5.6,"8km W of Nereju, Romania",1474672280
2016,12,20,10:04:39,37.1442,84.9583,10,5.6,"120km SSW of Qiemo, China",1482228279
2016,12,25,14:32:13,-43.481,-74.4771,14.9,5.6,"80km WSW of Puerto Quellon, Chile",1482676333
2016,12,27,23:20:56,45.7144,26.5283,97,5.6,"14km W of Nereju, Romania",1482880856
2016,12,28,08:18:00,38.3755,-118.8989,11.3,5.6,"27km SW of Hawthorne, Nevada",1482913080
2016,12,28,08:22:12,38.3904,-118.8972,12.2,5.6,"26km SW of Hawthorne, Nevada",1482913332
2016,05,02,12:17:16,-6.0785,-107.1631,15,5.6,"Central East Pacific Rise",1462191436
2016,05,05,11:01:46,-8.9416,-108.2391,10,5.6,"Central East Pacific Rise",1462446106
2016,05,07,00:18:36,18.3754,-105.3371,10,5.6,"114km SW of San Patricio, Mexico",1462580316
2016,02,18,01:07:11,-56.2549,-27.5661,99,5.6,"54km NNW of Visokoi Island, South Georgia and the South Sandwich Islands",1455757631
2016,03,03,00:10:50,-4.794,94.4101,10,5.6,"Southwest of Sumatra, Indonesia",1456963850
2016,03,03,08:36:32,-9.7645,125.316,29.5,5.6,"78km ESE of Leof, Indonesia",1456994192
2016,03,14,07:26:40,-56.4283,-27.0089,84,5.6,"32km NNE of Visokoi Island, South Georgia and the South Sandwich Islands",1457940400
2016,03,14,23:25:39,-52.6136,18.7984,10,5.6,"Southwest of Africa",1457997939
2016,03,18,16:11:00,38.0233,72.4114,10,5.6,"92km ESE of Vanj, Tajikistan",1458317460
2016,03,19,10:24:45,11.8676,-88.7677,10,5.6,"158km S of Puerto El Triunfo, El Salvador",1458383085
2016,03,21,14:48:51,27.7676,66.0962,10,5.6,"54km W of Khuzdar, Pakistan",1458571731
2016,03,26,03:24:24,-2.6503,68.0253,10,5.6,"Carlsberg Ridge",1458962664
2016,04,15,04:50:11,2.0125,127.0004,90,5.6,"116km WNW of Tobelo, Indonesia",1460695811
2016,04,17,09:23:41,-0.2344,-80.6943,10,5.6,"50km NW of Bahia de Caraquez, Ecuador",1460885021
2016,04,19,22:22:25,0.5783,-80.0247,11,5.6,"2km SSE of Muisne, Ecuador",1461104545
2016,04,20,10:51:42,13.2,-55.8867,28,5.6,"North Atlantic Ocean",1461149502
2016,10,06,20:57:08,-4.0427,-103.9169,10,5.6,"Central East Pacific Rise",1475787428
2016,10,08,04:37:41,-36.0277,-101.0092,10,5.6,"Southeast of Easter Island",1475901461
2016,10,18,22:08:14,15.223,-61.5065,146,5.6,"13km WSW of Pointe Michel, Dominica",1476828494
2016,10,20,00:09:26,13.3118,-44.8777,10,5.6,"Northern Mid-Atlantic Ridge",1476922166
2016,10,23,22:59:29,18.9017,-104.5714,12,5.6,"31km WSW of Manzanillo, Mexico",1477263569
2016,10,27,01:03:12,-1.5056,-15.5911,10,5.6,"North of Ascension Island",1477530192
2016,10,31,00:20:11,3.4466,-74.4951,33,5.6,"34km ENE of Colombia, Colombia",1477873211
2016,11,12,20:08:46,6.1142,-82.5906,10,5.6,"214km S of Punta de Burica, Panama",1478981326
2015,10,12,03:15:19,-31.1849,-71.8227,21,5.6,"79km NW of Illapel, Chile",1444619719
2015,10,17,17:52:19,-42.6607,-82.4526,10.1,5.6,"West Chile Rise",1445104339
2015,10,20,20:33:12,-57.4332,-65.8872,9.1,5.6,"Drake Passage",1445373192
2015,10,23,00:27:39,29.6377,70.326,11,5.6,"10km NNW of Dajal, Pakistan",1445560059
2015,11,08,19:14:47,6.984,94.534,10,5.6,"148km NW of Sabang, Indonesia",1447010087
2015,11,11,06:26:33,-9.1387,-108.6442,10,5.6,"Central East Pacific Rise",1447223193
2015,11,13,06:04:17,-29.8492,-64.4985,27,5.6,"40km N of Quilino, Argentina",1447394657
2015,11,17,17:29:36,40.3762,73.2038,18,5.6,"21km WNW of Gul'cha, Kyrgyzstan",1447781376
2015,11,23,20:41:21,16.9762,-98.9116,34,5.6,"25km NW of San Luis Acatlan, Mexico",1448311281
2015,11,27,11:46:27,13.0906,-88.9476,52,5.6,"45km S of El Rosario, El Salvador",1448624787
2015,11,28,05:44:40,-30.3688,-72.151,10,5.6,"90km WSW of Coquimbo, Chile",1448689480
2015,05,10,00:50:18,14.8388,-94.0135,9,5.6,"124km SSW of Tres Picos, Mexico",1431219018
2015,05,26,10:32:03,-22.057,-68.5076,124,5.6,"63km NE of Calama, Chile",1432636323
2015,02,01,20:02:20,-49.3181,-8.1198,10,5.6,"Southern Mid-Atlantic Ridge",1422820940
2015,02,08,15:09:08,-2.4318,119.3699,37.3,5.6,"13km WNW of Kalumpang, Indonesia",1423408148
2015,03,01,03:32:33,0.0241,124.4702,62,5.6,"67km SE of Molibagu, Indonesia",1425180753
2015,03,28,16:36:53,-22.2167,-68.6175,112,5.6,"42km NE of Calama, Chile",1427560613
2015,03,29,07:50:54,1.6535,126.4846,45.1,5.6,"137km NW of Kota Ternate, Indonesia",1427615454
2015,04,25,06:18:10,27.6857,86.0213,10,5.6,"30km SSE of Kodari, Nepal",1429942690
2015,04,26,23:35:29,-8.3237,-79.8322,22,5.6,"76km WSW of Santiago de Cao, Peru",1430091329
2015,12,08,12:56:07,-30.8096,-71.7519,25,5.6,"57km WSW of Ovalle, Chile",1449579367
2015,12,28,06:55:29,14.6571,-61.3454,150,5.6,"20km WSW of Saint-Pierre, Martinique",1451285729
2015,08,07,12:18:48,1.0861,-85.2083,10,5.6,"Off the coast of Ecuador",1438949928
2015,08,07,13:48:31,1.0467,-85.2705,6.9,5.6,"Off the coast of Ecuador",1438955311
2015,08,13,11:28:15,-36.8531,78.3516,10,5.6,"131km NE of Amsterdam Island, France",1439465295
2015,08,13,14:08:00,23.9689,122.4897,17.3,5.6,"75km SW of Yonakuni, Japan",1439474880
2015,01,10,02:05:46,-5.655,68.3613,10,5.6,"Chagos Archipelago region",1420855546
2015,01,17,18:41:42,-22.237,-63.1461,557.2,5.6,"59km ESE of Yacuiba, Bolivia",1421520102
2015,06,05,14:54:00,-37.1708,78.1817,10,5.6,"94km NE of Amsterdam Island, France",1433516040
2015,07,09,13:25:54,13.2949,-90.244,45.7,5.6,"55km SW of Acajutla, El Salvador",1436448354
2015,09,13,07:57:33,24.8094,-109.5138,10,5.6,"99km SSW of Topolobampo, Mexico",1442131053
2015,09,16,23:09:06,-31.1055,-71.405,37.8,5.6,"59km SSW of Ovalle, Chile",1442444946
2015,09,18,08:18:17,-32.2292,-72.3678,6,5.6,"109km WNW of La Ligua, Chile",1442564297
2015,09,19,13:08:57,-30.5256,-72.1984,10,5.6,"96km W of Ovalle, Chile",1442668137
2015,09,21,19:56:08,-31.7819,-71.6407,28.4,5.6,"48km WSW of Illapel, Chile",1442865368
2019,06,23,03:53:02,40.2735,-124.3003,9.4,5.6,"6km SSW of Petrolia, CA",1561261982
